ANIO_REGISTRO,MES_REGISTRO,TIPO_ACTA,DE_GENERO,DEPART_CIUDAD_ESTADO_DOM_SOL,PROVINCIA_DOM_SOL,CANT_COPIAS_EMITIDAS
2022,FEBRERO,DEFUNCION,FEMENINO,AMAZONAS,BAGUA,14
2022,FEBRERO,DEFUNCION,FEMENINO,AMAZONAS,BONGARA,12
2022,FEBRERO,DEFUNCION,FEMENINO,AMAZONAS,CHACHAPOYAS,4
2022,FEBRERO,DEFUNCION,FEMENINO,AMAZONAS,LUYA,3
2022,FEBRERO,DEFUNCION,FEMENINO,AMAZONAS,RODRIGUEZ DE MENDOZA,2
2022,FEBRERO,DEFUNCION,FEMENINO,AMAZONAS,UTCUBAMBA,6
2022,FEBRERO,DEFUNCION,FEMENINO,ANCASH,AIJA,1
2022,FEBRERO,DEFUNCION,FEMENINO,ANCASH,ANTONIO RAIMONDI,1
2022,FEBRERO,DEFUNCION,FEMENINO,ANCASH,ASUNCION,2
2022,FEBRERO,DEFUNCION,FEMENINO,ANCASH,BOLOGNESI,1
2022,FEBRERO,DEFUNCION,FEMENINO,ANCASH,CARHUAZ,10
2022,FEBRERO,DEFUNCION,FEMENINO,ANCASH,CASMA,11
2022,FEBRERO,DEFUNCION,FEMENINO,ANCASH,CORONGO,1
2022,FEBRERO,DEFUNCION,FEMENINO,ANCASH,HUARAZ,34
2022,FEBRERO,DEFUNCION,FEMENINO,ANCASH,HUARI,8
2022,FEBRERO,DEFUNCION,FEMENINO,ANCASH,HUARMEY,4
2022,FEBRERO,DEFUNCION,FEMENINO,ANCASH,HUAYLAS,12
2022,FEBRERO,DEFUNCION,FEMENINO,ANCASH,MARISCAL LUZURIAGA,1
2022,FEBRERO,DEFUNCION,FEMENINO,ANCASH,PALLASCA,2
2022,FEBRERO,DEFUNCION,FEMENINO,ANCASH,POMABAMBA,1
2022,FEBRERO,DEFUNCION,FEMENINO,ANCASH,RECUAY,5
2022,FEBRERO,DEFUNCION,FEMENINO,ANCASH,SANTA,125
2022,FEBRERO,DEFUNCION,FEMENINO,ANCASH,YUNGAY,4
2022,FEBRERO,DEFUNCION,FEMENINO,APURIMAC,ABANCAY,21
2022,FEBRERO,DEFUNCION,FEMENINO,APURIMAC,ANDAHUAYLAS,9
2022,FEBRERO,DEFUNCION,FEMENINO,APURIMAC,ANTABAMBA,1
2022,FEBRERO,DEFUNCION,FEMENINO,APURIMAC,AYMARAES,4
2022,FEBRERO,DEFUNCION,FEMENINO,APURIMAC,CHINCHEROS,2
2022,FEBRERO,DEFUNCION,FEMENINO,APURIMAC,COTABAMBAS,3
2022,FEBRERO,DEFUNCION,FEMENINO,APURIMAC,GRAU,3
2022,FEBRERO,DEFUNCION,FEMENINO,AREQUIPA,AREQUIPA,450
2022,FEBRERO,DEFUNCION,FEMENINO,AREQUIPA,CAMANA,21
2022,FEBRERO,DEFUNCION,FEMENINO,AREQUIPA,CARAVELI,5
2022,FEBRERO,DEFUNCION,FEMENINO,AREQUIPA,CASTILLA,10
2022,FEBRERO,DEFUNCION,FEMENINO,AREQUIPA,CAYLLOMA,23
2022,FEBRERO,DEFUNCION,FEMENINO,AREQUIPA,ISLAY,19
2022,FEBRERO,DEFUNCION,FEMENINO,ARGENTINA,BUENOS AIRES,12
2022,FEBRERO,DEFUNCION,FEMENINO,ARGENTINA,LA PLATA,1
2022,FEBRERO,DEFUNCION,FEMENINO,AYACUCHO,CANGALLO,1
2022,FEBRERO,DEFUNCION,FEMENINO,AYACUCHO,HUAMANGA,124
2022,FEBRERO,DEFUNCION,FEMENINO,AYACUCHO,HUANTA,20
2022,FEBRERO,DEFUNCION,FEMENINO,AYACUCHO,LA MAR,6
2022,FEBRERO,DEFUNCION,FEMENINO,AYACUCHO,LUCANAS,9
2022,FEBRERO,DEFUNCION,FEMENINO,AYACUCHO,PARINACOCHAS,9
2022,FEBRERO,DEFUNCION,FEMENINO,AYACUCHO,PAUCAR DEL SARA SARA,1
2022,FEBRERO,DEFUNCION,FEMENINO,AYACUCHO,SUCRE,1
2022,FEBRERO,DEFUNCION,FEMENINO,AYACUCHO,VICTOR FAJARDO,4
2022,FEBRERO,DEFUNCION,FEMENINO,AYACUCHO,VILCAS HUAMAN,2
2022,FEBRERO,DEFUNCION,FEMENINO,BRASIL,RIO DE JANEIRO,1
2022,FEBRERO,DEFUNCION,FEMENINO,CAJAMARCA,CAJABAMBA,5
2022,FEBRERO,DEFUNCION,FEMENINO,CAJAMARCA,CAJAMARCA,83
2022,FEBRERO,DEFUNCION,FEMENINO,CAJAMARCA,CELENDIN,3
2022,FEBRERO,DEFUNCION,FEMENINO,CAJAMARCA,CHOTA,6
2022,FEBRERO,DEFUNCION,FEMENINO,CAJAMARCA,CONTUMAZA,4
2022,FEBRERO,DEFUNCION,FEMENINO,CAJAMARCA,CUTERVO,7
2022,FEBRERO,DEFUNCION,FEMENINO,CAJAMARCA,HUALGAYOC,3
2022,FEBRERO,DEFUNCION,FEMENINO,CAJAMARCA,JAEN,20
2022,FEBRERO,DEFUNCION,FEMENINO,CAJAMARCA,SAN IGNACIO,31
2022,FEBRERO,DEFUNCION,FEMENINO,CAJAMARCA,SAN MARCOS,2
2022,FEBRERO,DEFUNCION,FEMENINO,CAJAMARCA,SAN MIGUEL,6
2022,FEBRERO,DEFUNCION,FEMENINO,CAJAMARCA,SAN PABLO,3
2022,FEBRERO,DEFUNCION,FEMENINO,CAJAMARCA,SANTA CRUZ,2
2022,FEBRERO,DEFUNCION,FEMENINO,CALLAO,CALLAO,457
2022,FEBRERO,DEFUNCION,FEMENINO,CANADA,ONTARIO,1
2022,FEBRERO,DEFUNCION,FEMENINO,CHILE,ANTOFAGASTA,1
2022,FEBRERO,DEFUNCION,FEMENINO,CHILE,SANTIAGO,19
2022,FEBRERO,DEFUNCION,FEMENINO,CUSCO,ACOMAYO,3
2022,FEBRERO,DEFUNCION,FEMENINO,CUSCO,ANTA,14
2022,FEBRERO,DEFUNCION,FEMENINO,CUSCO,CALCA,8
2022,FEBRERO,DEFUNCION,FEMENINO,CUSCO,CANAS,5
2022,FEBRERO,DEFUNCION,FEMENINO,CUSCO,CANCHIS,13
2022,FEBRERO,DEFUNCION,FEMENINO,CUSCO,CHUMBIVILCAS,6
2022,FEBRERO,DEFUNCION,FEMENINO,CUSCO,CUSCO,139
2022,FEBRERO,DEFUNCION,FEMENINO,CUSCO,ESPINAR,4
2022,FEBRERO,DEFUNCION,FEMENINO,CUSCO,LA CONVENCION,24
2022,FEBRERO,DEFUNCION,FEMENINO,CUSCO,PARURO,2
2022,FEBRERO,DEFUNCION,FEMENINO,CUSCO,QUISPICANCHI,28
2022,FEBRERO,DEFUNCION,FEMENINO,CUSCO,URUBAMBA,23
2022,FEBRERO,DEFUNCION,FEMENINO,ESPAÑA,ALICANTE,1
2022,FEBRERO,DEFUNCION,FEMENINO,ESPAÑA,LOGROÑO,2
2022,FEBRERO,DEFUNCION,FEMENINO,ESPAÑA,MADRID,13
2022,FEBRERO,DEFUNCION,FEMENINO,ESTADOS UNIDOS DE AMERICA,ALABAMA,1
2022,FEBRERO,DEFUNCION,FEMENINO,ESTADOS UNIDOS DE AMERICA,CALIFORNIA,1
2022,FEBRERO,DEFUNCION,FEMENINO,ESTADOS UNIDOS DE AMERICA,COLORADO,2
2022,FEBRERO,DEFUNCION,FEMENINO,ESTADOS UNIDOS DE AMERICA,CONNECTICUT,1
2022,FEBRERO,DEFUNCION,FEMENINO,ESTADOS UNIDOS DE AMERICA,DALLAS,1
2022,FEBRERO,DEFUNCION,FEMENINO,ESTADOS UNIDOS DE AMERICA,FLORIDA,1
2022,FEBRERO,DEFUNCION,FEMENINO,ESTADOS UNIDOS DE AMERICA,HOUSTON,1
2022,FEBRERO,DEFUNCION,FEMENINO,ESTADOS UNIDOS DE AMERICA,ILLINOIS,4
2022,FEBRERO,DEFUNCION,FEMENINO,ESTADOS UNIDOS DE AMERICA,LOS ANGELES,2
2022,FEBRERO,DEFUNCION,FEMENINO,ESTADOS UNIDOS DE AMERICA,NUEVA JERSEY,2
2022,FEBRERO,DEFUNCION,FEMENINO,ESTADOS UNIDOS DE AMERICA,NUEVA YORK,6
2022,FEBRERO,DEFUNCION,FEMENINO,ESTADOS UNIDOS DE AMERICA,PENNSYLVANIA,1
2022,FEBRERO,DEFUNCION,FEMENINO,ESTADOS UNIDOS DE AMERICA,SAN FRANCISCO,2
2022,FEBRERO,DEFUNCION,FEMENINO,ESTADOS UNIDOS DE AMERICA,TEXAS,4
2022,FEBRERO,DEFUNCION,FEMENINO,FRANCIA,LORENA,1
2022,FEBRERO,DEFUNCION,FEMENINO,FRANCIA,PARIS,2
2022,FEBRERO,DEFUNCION,FEMENINO,HOLANDA,AMSTERDAM,1
2022,FEBRERO,DEFUNCION,FEMENINO,HUANCAVELICA,ACOBAMBA,5
2022,FEBRERO,DEFUNCION,FEMENINO,HUANCAVELICA,ANGARAES,5
2022,FEBRERO,DEFUNCION,FEMENINO,HUANCAVELICA,CASTROVIRREYNA,6
2022,FEBRERO,DEFUNCION,FEMENINO,HUANCAVELICA,CHURCAMPA,9
2022,FEBRERO,DEFUNCION,FEMENINO,HUANCAVELICA,HUANCAVELICA,8
2022,FEBRERO,DEFUNCION,FEMENINO,HUANCAVELICA,HUAYTARA,3
2022,FEBRERO,DEFUNCION,FEMENINO,HUANCAVELICA,TAYACAJA,29
2022,FEBRERO,DEFUNCION,FEMENINO,HUANUCO,AMBO,33
2022,FEBRERO,DEFUNCION,FEMENINO,HUANUCO,DOS DE MAYO,2
2022,FEBRERO,DEFUNCION,FEMENINO,HUANUCO,HUACAYBAMBA,1
2022,FEBRERO,DEFUNCION,FEMENINO,HUANUCO,HUAMALIES,6
2022,FEBRERO,DEFUNCION,FEMENINO,HUANUCO,HUANUCO,56
2022,FEBRERO,DEFUNCION,FEMENINO,HUANUCO,LAURICOCHA,1
2022,FEBRERO,DEFUNCION,FEMENINO,HUANUCO,LEONCIO PRADO,28
2022,FEBRERO,DEFUNCION,FEMENINO,HUANUCO,MARAÑON,7
2022,FEBRERO,DEFUNCION,FEMENINO,HUANUCO,PACHITEA,2
2022,FEBRERO,DEFUNCION,FEMENINO,HUANUCO,PUERTO INCA,3
2022,FEBRERO,DEFUNCION,FEMENINO,HUANUCO,YAROWILCA,4
2022,FEBRERO,DEFUNCION,FEMENINO,ICA,CHINCHA,81
2022,FEBRERO,DEFUNCION,FEMENINO,ICA,ICA,283
2022,FEBRERO,DEFUNCION,FEMENINO,ICA,NASCA,39
2022,FEBRERO,DEFUNCION,FEMENINO,ICA,PALPA,6
2022,FEBRERO,DEFUNCION,FEMENINO,ICA,PISCO,111
2022,FEBRERO,DEFUNCION,FEMENINO,ITALIA,GENOVA,2
2022,FEBRERO,DEFUNCION,FEMENINO,ITALIA,MILAN,2
2022,FEBRERO,DEFUNCION,FEMENINO,ITALIA,ROMA,2
2022,FEBRERO,DEFUNCION,FEMENINO,ITALIA,TURIN,2
2022,FEBRERO,DEFUNCION,FEMENINO,JUNIN,CHANCHAMAYO,12
2022,FEBRERO,DEFUNCION,FEMENINO,JUNIN,CHUPACA,29
2022,FEBRERO,DEFUNCION,FEMENINO,JUNIN,CONCEPCION,20
2022,FEBRERO,DEFUNCION,FEMENINO,JUNIN,HUANCAYO,236
2022,FEBRERO,DEFUNCION,FEMENINO,JUNIN,JAUJA,43
2022,FEBRERO,DEFUNCION,FEMENINO,JUNIN,JUNIN,8
2022,FEBRERO,DEFUNCION,FEMENINO,JUNIN,SATIPO,6
2022,FEBRERO,DEFUNCION,FEMENINO,JUNIN,TARMA,25
2022,FEBRERO,DEFUNCION,FEMENINO,JUNIN,YAULI,6
2022,FEBRERO,DEFUNCION,FEMENINO,LA LIBERTAD,ASCOPE,69
2022,FEBRERO,DEFUNCION,FEMENINO,LA LIBERTAD,CHEPEN,35
2022,FEBRERO,DEFUNCION,FEMENINO,LA LIBERTAD,GRAN CHIMU,83
2022,FEBRERO,DEFUNCION,FEMENINO,LA LIBERTAD,JULCAN,7
2022,FEBRERO,DEFUNCION,FEMENINO,LA LIBERTAD,OTUZCO,8
2022,FEBRERO,DEFUNCION,FEMENINO,LA LIBERTAD,PACASMAYO,26
2022,FEBRERO,DEFUNCION,FEMENINO,LA LIBERTAD,PATAZ,5
2022,FEBRERO,DEFUNCION,FEMENINO,LA LIBERTAD,SANCHEZ CARRION,15
2022,FEBRERO,DEFUNCION,FEMENINO,LA LIBERTAD,SANTIAGO DE CHUCO,6
2022,FEBRERO,DEFUNCION,FEMENINO,LA LIBERTAD,TRUJILLO,804
2022,FEBRERO,DEFUNCION,FEMENINO,LA LIBERTAD,VIRU,40
2022,FEBRERO,DEFUNCION,FEMENINO,LAMBAYEQUE,CHICLAYO,172
2022,FEBRERO,DEFUNCION,FEMENINO,LAMBAYEQUE,FERREÑAFE,10
2022,FEBRERO,DEFUNCION,FEMENINO,LAMBAYEQUE,LAMBAYEQUE,36
2022,FEBRERO,DEFUNCION,FEMENINO,LIMA,BARRANCA,60
2022,FEBRERO,DEFUNCION,FEMENINO,LIMA,CANTA,10
2022,FEBRERO,DEFUNCION,FEMENINO,LIMA,CAÑETE,85
2022,FEBRERO,DEFUNCION,FEMENINO,LIMA,HUARAL,60
2022,FEBRERO,DEFUNCION,FEMENINO,LIMA,HUAROCHIRI,32
2022,FEBRERO,DEFUNCION,FEMENINO,LIMA,HUAURA,90
2022,FEBRERO,DEFUNCION,FEMENINO,LIMA,LIMA,5568
2022,FEBRERO,DEFUNCION,FEMENINO,LIMA,OYON,4
2022,FEBRERO,DEFUNCION,FEMENINO,LIMA,YAUYOS,5
2022,FEBRERO,DEFUNCION,FEMENINO,LORETO,ALTO AMAZONAS,13
2022,FEBRERO,DEFUNCION,FEMENINO,LORETO,DATEM DEL MARAÑON,2
2022,FEBRERO,DEFUNCION,FEMENINO,LORETO,LORETO,4
2022,FEBRERO,DEFUNCION,FEMENINO,LORETO,MARISCAL RAMON CASTILLA,2
2022,FEBRERO,DEFUNCION,FEMENINO,LORETO,MAYNAS,128
2022,FEBRERO,DEFUNCION,FEMENINO,LORETO,PUTUMAYO,1
2022,FEBRERO,DEFUNCION,FEMENINO,LORETO,REQUENA,1
2022,FEBRERO,DEFUNCION,FEMENINO,LORETO,UCAYALI,6
2022,FEBRERO,DEFUNCION,FEMENINO,MADRE DE DIOS,MANU,2
2022,FEBRERO,DEFUNCION,FEMENINO,MADRE DE DIOS,TAHUAMANU,3
2022,FEBRERO,DEFUNCION,FEMENINO,MADRE DE DIOS,TAMBOPATA,61
2022,FEBRERO,DEFUNCION,FEMENINO,MOQUEGUA,GENERAL SANCHEZ CERRO,3
2022,FEBRERO,DEFUNCION,FEMENINO,MOQUEGUA,ILO,29
2022,FEBRERO,DEFUNCION,FEMENINO,MOQUEGUA,MARISCAL NIETO,25
2022,FEBRERO,DEFUNCION,FEMENINO,PASCO,DANIEL ALCIDES CARRION,3
2022,FEBRERO,DEFUNCION,FEMENINO,PASCO,OXAPAMPA,11
2022,FEBRERO,DEFUNCION,FEMENINO,PASCO,PASCO,14
2022,FEBRERO,DEFUNCION,FEMENINO,PIURA,AYABACA,25
2022,FEBRERO,DEFUNCION,FEMENINO,PIURA,HUANCABAMBA,16
2022,FEBRERO,DEFUNCION,FEMENINO,PIURA,MORROPON,107
2022,FEBRERO,DEFUNCION,FEMENINO,PIURA,PAITA,43
2022,FEBRERO,DEFUNCION,FEMENINO,PIURA,PIURA,244
2022,FEBRERO,DEFUNCION,FEMENINO,PIURA,SECHURA,11
2022,FEBRERO,DEFUNCION,FEMENINO,PIURA,SULLANA,174
2022,FEBRERO,DEFUNCION,FEMENINO,PIURA,TALARA,44
2022,FEBRERO,DEFUNCION,FEMENINO,PUNO,AZANGARO,9
2022,FEBRERO,DEFUNCION,FEMENINO,PUNO,CARABAYA,5
2022,FEBRERO,DEFUNCION,FEMENINO,PUNO,CHUCUITO,7
2022,FEBRERO,DEFUNCION,FEMENINO,PUNO,EL COLLAO,19
2022,FEBRERO,DEFUNCION,FEMENINO,PUNO,HUANCANE,13
2022,FEBRERO,DEFUNCION,FEMENINO,PUNO,LAMPA,9
2022,FEBRERO,DEFUNCION,FEMENINO,PUNO,MELGAR,6
2022,FEBRERO,DEFUNCION,FEMENINO,PUNO,PUNO,56
2022,FEBRERO,DEFUNCION,FEMENINO,PUNO,SAN ANTONIO DE PUTINA,2
2022,FEBRERO,DEFUNCION,FEMENINO,PUNO,SAN ROMAN,97
2022,FEBRERO,DEFUNCION,FEMENINO,PUNO,SANDIA,5
2022,FEBRERO,DEFUNCION,FEMENINO,PUNO,YUNGUYO,1
2022,FEBRERO,DEFUNCION,FEMENINO,REPUBLICA DE PANAMA,PANAMA,1
2022,FEBRERO,DEFUNCION,FEMENINO,SAN MARTIN,BELLAVISTA,4
2022,FEBRERO,DEFUNCION,FEMENINO,SAN MARTIN,EL DORADO,8
2022,FEBRERO,DEFUNCION,FEMENINO,SAN MARTIN,HUALLAGA,4
2022,FEBRERO,DEFUNCION,FEMENINO,SAN MARTIN,LAMAS,12
2022,FEBRERO,DEFUNCION,FEMENINO,SAN MARTIN,MARISCAL CACERES,8
2022,FEBRERO,DEFUNCION,FEMENINO,SAN MARTIN,MOYOBAMBA,24
2022,FEBRERO,DEFUNCION,FEMENINO,SAN MARTIN,PICOTA,8
2022,FEBRERO,DEFUNCION,FEMENINO,SAN MARTIN,RIOJA,29
2022,FEBRERO,DEFUNCION,FEMENINO,SAN MARTIN,SAN MARTIN,43
2022,FEBRERO,DEFUNCION,FEMENINO,SAN MARTIN,TOCACHE,2
2022,FEBRERO,DEFUNCION,FEMENINO,TACNA,JORGE BASADRE,1
2022,FEBRERO,DEFUNCION,FEMENINO,TACNA,TACNA,171
2022,FEBRERO,DEFUNCION,FEMENINO,TACNA,TARATA,1
2022,FEBRERO,DEFUNCION,FEMENINO,TUMBES,CONTRALMIRANTE VILLAR,8
2022,FEBRERO,DEFUNCION,FEMENINO,TUMBES,TUMBES,55
2022,FEBRERO,DEFUNCION,FEMENINO,TUMBES,ZARUMILLA,24
2022,FEBRERO,DEFUNCION,FEMENINO,UCAYALI,ATALAYA,4
2022,FEBRERO,DEFUNCION,FEMENINO,UCAYALI,CORONEL PORTILLO,181
2022,FEBRERO,DEFUNCION,FEMENINO,UCAYALI,PADRE ABAD,4
2022,FEBRERO,DEFUNCION,FEMENINO,VENEZUELA,MIRANDA,1
2022,FEBRERO,DEFUNCION,MASCULINO,ALEMANIA,HESSEN,2
2022,FEBRERO,DEFUNCION,MASCULINO,AMAZONAS,BAGUA,6
2022,FEBRERO,DEFUNCION,MASCULINO,AMAZONAS,BONGARA,3
2022,FEBRERO,DEFUNCION,MASCULINO,AMAZONAS,CHACHAPOYAS,5
2022,FEBRERO,DEFUNCION,MASCULINO,AMAZONAS,CONDORCANQUI,2
2022,FEBRERO,DEFUNCION,MASCULINO,AMAZONAS,RODRIGUEZ DE MENDOZA,3
2022,FEBRERO,DEFUNCION,MASCULINO,AMAZONAS,UTCUBAMBA,5
2022,FEBRERO,DEFUNCION,MASCULINO,ANCASH,BOLOGNESI,3
2022,FEBRERO,DEFUNCION,MASCULINO,ANCASH,CARHUAZ,11
2022,FEBRERO,DEFUNCION,MASCULINO,ANCASH,CASMA,13
2022,FEBRERO,DEFUNCION,MASCULINO,ANCASH,HUARAZ,35
2022,FEBRERO,DEFUNCION,MASCULINO,ANCASH,HUARI,14
2022,FEBRERO,DEFUNCION,MASCULINO,ANCASH,HUARMEY,5
2022,FEBRERO,DEFUNCION,MASCULINO,ANCASH,HUAYLAS,11
2022,FEBRERO,DEFUNCION,MASCULINO,ANCASH,OCROS,1
2022,FEBRERO,DEFUNCION,MASCULINO,ANCASH,PALLASCA,1
2022,FEBRERO,DEFUNCION,MASCULINO,ANCASH,RECUAY,6
2022,FEBRERO,DEFUNCION,MASCULINO,ANCASH,SANTA,118
2022,FEBRERO,DEFUNCION,MASCULINO,ANCASH,SIHUAS,1
2022,FEBRERO,DEFUNCION,MASCULINO,ANCASH,YUNGAY,35
2022,FEBRERO,DEFUNCION,MASCULINO,APURIMAC,ABANCAY,7
2022,FEBRERO,DEFUNCION,MASCULINO,APURIMAC,ANDAHUAYLAS,13
2022,FEBRERO,DEFUNCION,MASCULINO,APURIMAC,AYMARAES,2
2022,FEBRERO,DEFUNCION,MASCULINO,APURIMAC,CHINCHEROS,12
2022,FEBRERO,DEFUNCION,MASCULINO,APURIMAC,COTABAMBAS,5
2022,FEBRERO,DEFUNCION,MASCULINO,APURIMAC,GRAU,2
2022,FEBRERO,DEFUNCION,MASCULINO,AREQUIPA,AREQUIPA,236
2022,FEBRERO,DEFUNCION,MASCULINO,AREQUIPA,CAMANA,31
2022,FEBRERO,DEFUNCION,MASCULINO,AREQUIPA,CARAVELI,2
2022,FEBRERO,DEFUNCION,MASCULINO,AREQUIPA,CASTILLA,6
2022,FEBRERO,DEFUNCION,MASCULINO,AREQUIPA,CAYLLOMA,18
2022,FEBRERO,DEFUNCION,MASCULINO,AREQUIPA,CONDESUYOS,9
2022,FEBRERO,DEFUNCION,MASCULINO,AREQUIPA,ISLAY,23
2022,FEBRERO,DEFUNCION,MASCULINO,AREQUIPA,LA UNION,1
2022,FEBRERO,DEFUNCION,MASCULINO,ARGENTINA,BUENOS AIRES,3
2022,FEBRERO,DEFUNCION,MASCULINO,AUSTRALIA,SIDNEY,1
2022,FEBRERO,DEFUNCION,MASCULINO,AYACUCHO,CANGALLO,11
2022,FEBRERO,DEFUNCION,MASCULINO,AYACUCHO,HUAMANGA,45
2022,FEBRERO,DEFUNCION,MASCULINO,AYACUCHO,HUANTA,3
2022,FEBRERO,DEFUNCION,MASCULINO,AYACUCHO,LA MAR,2
2022,FEBRERO,DEFUNCION,MASCULINO,AYACUCHO,LUCANAS,3
2022,FEBRERO,DEFUNCION,MASCULINO,AYACUCHO,PARINACOCHAS,3
2022,FEBRERO,DEFUNCION,MASCULINO,AYACUCHO,PAUCAR DEL SARA SARA,1
2022,FEBRERO,DEFUNCION,MASCULINO,AYACUCHO,VICTOR FAJARDO,1
2022,FEBRERO,DEFUNCION,MASCULINO,AYACUCHO,VILCAS HUAMAN,5
2022,FEBRERO,DEFUNCION,MASCULINO,BELGICA,BRUSELAS,1
2022,FEBRERO,DEFUNCION,MASCULINO,BRASIL,SAO PAULO,1
2022,FEBRERO,DEFUNCION,MASCULINO,CAJAMARCA,CAJABAMBA,10
2022,FEBRERO,DEFUNCION,MASCULINO,CAJAMARCA,CAJAMARCA,87
2022,FEBRERO,DEFUNCION,MASCULINO,CAJAMARCA,CHOTA,3
2022,FEBRERO,DEFUNCION,MASCULINO,CAJAMARCA,CONTUMAZA,2
2022,FEBRERO,DEFUNCION,MASCULINO,CAJAMARCA,CUTERVO,17
2022,FEBRERO,DEFUNCION,MASCULINO,CAJAMARCA,HUALGAYOC,5
2022,FEBRERO,DEFUNCION,MASCULINO,CAJAMARCA,JAEN,57
2022,FEBRERO,DEFUNCION,MASCULINO,CAJAMARCA,SAN IGNACIO,11
2022,FEBRERO,DEFUNCION,MASCULINO,CAJAMARCA,SAN MARCOS,6
2022,FEBRERO,DEFUNCION,MASCULINO,CAJAMARCA,SAN MIGUEL,8
2022,FEBRERO,DEFUNCION,MASCULINO,CAJAMARCA,SAN PABLO,1
2022,FEBRERO,DEFUNCION,MASCULINO,CAJAMARCA,SANTA CRUZ,1
2022,FEBRERO,DEFUNCION,MASCULINO,CALLAO,CALLAO,456
2022,FEBRERO,DEFUNCION,MASCULINO,CANADA,ALBERTA,1
2022,FEBRERO,DEFUNCION,MASCULINO,CANADA,OTTAWA,1
2022,FEBRERO,DEFUNCION,MASCULINO,CHILE,SANTIAGO,5
2022,FEBRERO,DEFUNCION,MASCULINO,CUSCO,ACOMAYO,2
2022,FEBRERO,DEFUNCION,MASCULINO,CUSCO,ANTA,11
2022,FEBRERO,DEFUNCION,MASCULINO,CUSCO,CALCA,8
2022,FEBRERO,DEFUNCION,MASCULINO,CUSCO,CANAS,5
2022,FEBRERO,DEFUNCION,MASCULINO,CUSCO,CANCHIS,23
2022,FEBRERO,DEFUNCION,MASCULINO,CUSCO,CHUMBIVILCAS,9
2022,FEBRERO,DEFUNCION,MASCULINO,CUSCO,CUSCO,153
2022,FEBRERO,DEFUNCION,MASCULINO,CUSCO,ESPINAR,2
2022,FEBRERO,DEFUNCION,MASCULINO,CUSCO,LA CONVENCION,16
2022,FEBRERO,DEFUNCION,MASCULINO,CUSCO,PARURO,4
2022,FEBRERO,DEFUNCION,MASCULINO,CUSCO,PAUCARTAMBO,1
2022,FEBRERO,DEFUNCION,MASCULINO,CUSCO,QUISPICANCHI,12
2022,FEBRERO,DEFUNCION,MASCULINO,CUSCO,URUBAMBA,17
2022,FEBRERO,DEFUNCION,MASCULINO,ESPAÑA,BALEARES,1
2022,FEBRERO,DEFUNCION,MASCULINO,ESPAÑA,BARCELONA,2
2022,FEBRERO,DEFUNCION,MASCULINO,ESPAÑA,LEON,1
2022,FEBRERO,DEFUNCION,MASCULINO,ESPAÑA,MADRID,5
2022,FEBRERO,DEFUNCION,MASCULINO,ESPAÑA,MALLORCA,2
2022,FEBRERO,DEFUNCION,MASCULINO,ESPAÑA,ZARAGOZA,1
2022,FEBRERO,DEFUNCION,MASCULINO,ESTADOS UNIDOS DE AMERICA,DELAWARE,2
2022,FEBRERO,DEFUNCION,MASCULINO,ESTADOS UNIDOS DE AMERICA,MARYLAND,1
2022,FEBRERO,DEFUNCION,MASCULINO,ESTADOS UNIDOS DE AMERICA,MIAMI,1
2022,FEBRERO,DEFUNCION,MASCULINO,ESTADOS UNIDOS DE AMERICA,NUEVA JERSEY,3
2022,FEBRERO,DEFUNCION,MASCULINO,ESTADOS UNIDOS DE AMERICA,NUEVA YORK,4
2022,FEBRERO,DEFUNCION,MASCULINO,ESTADOS UNIDOS DE AMERICA,OREGON,1
2022,FEBRERO,DEFUNCION,MASCULINO,ESTADOS UNIDOS DE AMERICA,ORLANDO,1
2022,FEBRERO,DEFUNCION,MASCULINO,ESTADOS UNIDOS DE AMERICA,RHODE ISLAND,2
2022,FEBRERO,DEFUNCION,MASCULINO,ESTADOS UNIDOS DE AMERICA,VIRGINIA,2
2022,FEBRERO,DEFUNCION,MASCULINO,GRAN BRETAÑA,LONDRES,1
2022,FEBRERO,DEFUNCION,MASCULINO,GUAYANA FRANCESA,CAYENA,2
2022,FEBRERO,DEFUNCION,MASCULINO,HUANCAVELICA,ACOBAMBA,7
2022,FEBRERO,DEFUNCION,MASCULINO,HUANCAVELICA,ANGARAES,5
2022,FEBRERO,DEFUNCION,MASCULINO,HUANCAVELICA,CASTROVIRREYNA,4
2022,FEBRERO,DEFUNCION,MASCULINO,HUANCAVELICA,CHURCAMPA,17
2022,FEBRERO,DEFUNCION,MASCULINO,HUANCAVELICA,HUANCAVELICA,19
2022,FEBRERO,DEFUNCION,MASCULINO,HUANCAVELICA,HUAYTARA,3
2022,FEBRERO,DEFUNCION,MASCULINO,HUANCAVELICA,TAYACAJA,14
2022,FEBRERO,DEFUNCION,MASCULINO,HUANUCO,AMBO,5
2022,FEBRERO,DEFUNCION,MASCULINO,HUANUCO,DOS DE MAYO,8
2022,FEBRERO,DEFUNCION,MASCULINO,HUANUCO,HUACAYBAMBA,2
2022,FEBRERO,DEFUNCION,MASCULINO,HUANUCO,HUAMALIES,7
2022,FEBRERO,DEFUNCION,MASCULINO,HUANUCO,HUANUCO,49
2022,FEBRERO,DEFUNCION,MASCULINO,HUANUCO,LAURICOCHA,8
2022,FEBRERO,DEFUNCION,MASCULINO,HUANUCO,LEONCIO PRADO,24
2022,FEBRERO,DEFUNCION,MASCULINO,HUANUCO,PACHITEA,8
2022,FEBRERO,DEFUNCION,MASCULINO,HUANUCO,PUERTO INCA,1
2022,FEBRERO,DEFUNCION,MASCULINO,HUANUCO,YAROWILCA,9
2022,FEBRERO,DEFUNCION,MASCULINO,ICA,CHINCHA,173
2022,FEBRERO,DEFUNCION,MASCULINO,ICA,ICA,239
2022,FEBRERO,DEFUNCION,MASCULINO,ICA,NASCA,24
2022,FEBRERO,DEFUNCION,MASCULINO,ICA,PALPA,7
2022,FEBRERO,DEFUNCION,MASCULINO,ICA,PISCO,38
2022,FEBRERO,DEFUNCION,MASCULINO,ITALIA,LOMBARDIA,1
2022,FEBRERO,DEFUNCION,MASCULINO,ITALIA,MILAN,3
2022,FEBRERO,DEFUNCION,MASCULINO,ITALIA,TURIN,2
2022,FEBRERO,DEFUNCION,MASCULINO,JUNIN,CHANCHAMAYO,14
2022,FEBRERO,DEFUNCION,MASCULINO,JUNIN,CHUPACA,12
2022,FEBRERO,DEFUNCION,MASCULINO,JUNIN,CONCEPCION,17
2022,FEBRERO,DEFUNCION,MASCULINO,JUNIN,HUANCAYO,241
2022,FEBRERO,DEFUNCION,MASCULINO,JUNIN,JAUJA,15
2022,FEBRERO,DEFUNCION,MASCULINO,JUNIN,JUNIN,7
2022,FEBRERO,DEFUNCION,MASCULINO,JUNIN,SATIPO,8
2022,FEBRERO,DEFUNCION,MASCULINO,JUNIN,TARMA,12
2022,FEBRERO,DEFUNCION,MASCULINO,JUNIN,YAULI,4
2022,FEBRERO,DEFUNCION,MASCULINO,LA LIBERTAD,ASCOPE,25
2022,FEBRERO,DEFUNCION,MASCULINO,LA LIBERTAD,CHEPEN,31
2022,FEBRERO,DEFUNCION,MASCULINO,LA LIBERTAD,GRAN CHIMU,1
2022,FEBRERO,DEFUNCION,MASCULINO,LA LIBERTAD,JULCAN,5
2022,FEBRERO,DEFUNCION,MASCULINO,LA LIBERTAD,OTUZCO,27
2022,FEBRERO,DEFUNCION,MASCULINO,LA LIBERTAD,PACASMAYO,58
2022,FEBRERO,DEFUNCION,MASCULINO,LA LIBERTAD,SANCHEZ CARRION,8
2022,FEBRERO,DEFUNCION,MASCULINO,LA LIBERTAD,SANTIAGO DE CHUCO,16
2022,FEBRERO,DEFUNCION,MASCULINO,LA LIBERTAD,TRUJILLO,713
2022,FEBRERO,DEFUNCION,MASCULINO,LA LIBERTAD,VIRU,14
2022,FEBRERO,DEFUNCION,MASCULINO,LAMBAYEQUE,CHICLAYO,203
2022,FEBRERO,DEFUNCION,MASCULINO,LAMBAYEQUE,FERREÑAFE,8
2022,FEBRERO,DEFUNCION,MASCULINO,LAMBAYEQUE,LAMBAYEQUE,27
2022,FEBRERO,DEFUNCION,MASCULINO,LIMA,BARRANCA,34
2022,FEBRERO,DEFUNCION,MASCULINO,LIMA,CAJATAMBO,1
2022,FEBRERO,DEFUNCION,MASCULINO,LIMA,CANTA,7
2022,FEBRERO,DEFUNCION,MASCULINO,LIMA,CAÑETE,64
2022,FEBRERO,DEFUNCION,MASCULINO,LIMA,HUARAL,49
2022,FEBRERO,DEFUNCION,MASCULINO,LIMA,HUAROCHIRI,19
2022,FEBRERO,DEFUNCION,MASCULINO,LIMA,HUAURA,146
2022,FEBRERO,DEFUNCION,MASCULINO,LIMA,LIMA,6553
2022,FEBRERO,DEFUNCION,MASCULINO,LIMA,YAUYOS,4
2022,FEBRERO,DEFUNCION,MASCULINO,LORETO,ALTO AMAZONAS,12
2022,FEBRERO,DEFUNCION,MASCULINO,LORETO,LORETO,3
2022,FEBRERO,DEFUNCION,MASCULINO,LORETO,MARISCAL RAMON CASTILLA,1
2022,FEBRERO,DEFUNCION,MASCULINO,LORETO,MAYNAS,98
2022,FEBRERO,DEFUNCION,MASCULINO,LORETO,REQUENA,3
2022,FEBRERO,DEFUNCION,MASCULINO,LORETO,UCAYALI,2
2022,FEBRERO,DEFUNCION,MASCULINO,MADRE DE DIOS,MANU,2
2022,FEBRERO,DEFUNCION,MASCULINO,MADRE DE DIOS,TAHUAMANU,1
2022,FEBRERO,DEFUNCION,MASCULINO,MADRE DE DIOS,TAMBOPATA,37
2022,FEBRERO,DEFUNCION,MASCULINO,MOQUEGUA,GENERAL SANCHEZ CERRO,3
2022,FEBRERO,DEFUNCION,MASCULINO,MOQUEGUA,ILO,28
2022,FEBRERO,DEFUNCION,MASCULINO,MOQUEGUA,MARISCAL NIETO,42
2022,FEBRERO,DEFUNCION,MASCULINO,PASCO,DANIEL ALCIDES CARRION,1
2022,FEBRERO,DEFUNCION,MASCULINO,PASCO,OXAPAMPA,12
2022,FEBRERO,DEFUNCION,MASCULINO,PASCO,PASCO,28
2022,FEBRERO,DEFUNCION,MASCULINO,PIURA,AYABACA,14
2022,FEBRERO,DEFUNCION,MASCULINO,PIURA,HUANCABAMBA,13
2022,FEBRERO,DEFUNCION,MASCULINO,PIURA,MORROPON,36
2022,FEBRERO,DEFUNCION,MASCULINO,PIURA,PAITA,30
2022,FEBRERO,DEFUNCION,MASCULINO,PIURA,PIURA,248
2022,FEBRERO,DEFUNCION,MASCULINO,PIURA,SECHURA,7
2022,FEBRERO,DEFUNCION,MASCULINO,PIURA,SULLANA,128
2022,FEBRERO,DEFUNCION,MASCULINO,PIURA,TALARA,30
2022,FEBRERO,DEFUNCION,MASCULINO,PUNO,AZANGARO,17
2022,FEBRERO,DEFUNCION,MASCULINO,PUNO,CARABAYA,4
2022,FEBRERO,DEFUNCION,MASCULINO,PUNO,CHUCUITO,10
2022,FEBRERO,DEFUNCION,MASCULINO,PUNO,EL COLLAO,33
2022,FEBRERO,DEFUNCION,MASCULINO,PUNO,HUANCANE,17
2022,FEBRERO,DEFUNCION,MASCULINO,PUNO,LAMPA,7
2022,FEBRERO,DEFUNCION,MASCULINO,PUNO,MELGAR,9
2022,FEBRERO,DEFUNCION,MASCULINO,PUNO,MOHO,3
2022,FEBRERO,DEFUNCION,MASCULINO,PUNO,PUNO,44
2022,FEBRERO,DEFUNCION,MASCULINO,PUNO,SAN ANTONIO DE PUTINA,4
2022,FEBRERO,DEFUNCION,MASCULINO,PUNO,SAN ROMAN,68
2022,FEBRERO,DEFUNCION,MASCULINO,PUNO,SANDIA,5
2022,FEBRERO,DEFUNCION,MASCULINO,PUNO,YUNGUYO,4
2022,FEBRERO,DEFUNCION,MASCULINO,SAN MARTIN,BELLAVISTA,5
2022,FEBRERO,DEFUNCION,MASCULINO,SAN MARTIN,EL DORADO,3
2022,FEBRERO,DEFUNCION,MASCULINO,SAN MARTIN,HUALLAGA,4
2022,FEBRERO,DEFUNCION,MASCULINO,SAN MARTIN,LAMAS,12
2022,FEBRERO,DEFUNCION,MASCULINO,SAN MARTIN,MARISCAL CACERES,9
2022,FEBRERO,DEFUNCION,MASCULINO,SAN MARTIN,MOYOBAMBA,16
2022,FEBRERO,DEFUNCION,MASCULINO,SAN MARTIN,PICOTA,4
2022,FEBRERO,DEFUNCION,MASCULINO,SAN MARTIN,RIOJA,32
2022,FEBRERO,DEFUNCION,MASCULINO,SAN MARTIN,SAN MARTIN,27
2022,FEBRERO,DEFUNCION,MASCULINO,SAN MARTIN,TOCACHE,2
2022,FEBRERO,DEFUNCION,MASCULINO,SUECIA,ESTOCOLMO,1
2022,FEBRERO,DEFUNCION,MASCULINO,SUIZA,GINEBRA,1
2022,FEBRERO,DEFUNCION,MASCULINO,TACNA,CANDARAVE,1
2022,FEBRERO,DEFUNCION,MASCULINO,TACNA,JORGE BASADRE,1
2022,FEBRERO,DEFUNCION,MASCULINO,TACNA,TACNA,79
2022,FEBRERO,DEFUNCION,MASCULINO,TACNA,TARATA,2
2022,FEBRERO,DEFUNCION,MASCULINO,TUMBES,CONTRALMIRANTE VILLAR,3
2022,FEBRERO,DEFUNCION,MASCULINO,TUMBES,TUMBES,49
2022,FEBRERO,DEFUNCION,MASCULINO,TUMBES,ZARUMILLA,12
2022,FEBRERO,DEFUNCION,MASCULINO,UCAYALI,ATALAYA,2
2022,FEBRERO,DEFUNCION,MASCULINO,UCAYALI,CORONEL PORTILLO,73
2022,FEBRERO,DEFUNCION,MASCULINO,UCAYALI,PADRE ABAD,3
2022,FEBRERO,MATRIMONIO,FEMENINO,ALEMANIA,FRANKFURT,1
2022,FEBRERO,MATRIMONIO,FEMENINO,AMAZONAS,BAGUA,1
2022,FEBRERO,MATRIMONIO,FEMENINO,AMAZONAS,RODRIGUEZ DE MENDOZA,1
2022,FEBRERO,MATRIMONIO,FEMENINO,AMAZONAS,UTCUBAMBA,2
2022,FEBRERO,MATRIMONIO,FEMENINO,ANCASH,BOLOGNESI,1
2022,FEBRERO,MATRIMONIO,FEMENINO,ANCASH,CASMA,1
2022,FEBRERO,MATRIMONIO,FEMENINO,ANCASH,HUARAZ,2
2022,FEBRERO,MATRIMONIO,FEMENINO,ANCASH,HUARI,4
2022,FEBRERO,MATRIMONIO,FEMENINO,ANCASH,OCROS,1
2022,FEBRERO,MATRIMONIO,FEMENINO,ANCASH,RECUAY,1
2022,FEBRERO,MATRIMONIO,FEMENINO,ANCASH,SANTA,25
2022,FEBRERO,MATRIMONIO,FEMENINO,APURIMAC,ABANCAY,3
2022,FEBRERO,MATRIMONIO,FEMENINO,APURIMAC,ANDAHUAYLAS,2
2022,FEBRERO,MATRIMONIO,FEMENINO,APURIMAC,GRAU,1
2022,FEBRERO,MATRIMONIO,FEMENINO,AREQUIPA,AREQUIPA,61
2022,FEBRERO,MATRIMONIO,FEMENINO,AREQUIPA,CAMANA,2
2022,FEBRERO,MATRIMONIO,FEMENINO,AREQUIPA,CARAVELI,2
2022,FEBRERO,MATRIMONIO,FEMENINO,AREQUIPA,CAYLLOMA,1
2022,FEBRERO,MATRIMONIO,FEMENINO,AREQUIPA,ISLAY,1
2022,FEBRERO,MATRIMONIO,FEMENINO,ARGENTINA,BUENOS AIRES,16
2022,FEBRERO,MATRIMONIO,FEMENINO,AYACUCHO,HUAMANGA,9
2022,FEBRERO,MATRIMONIO,FEMENINO,AYACUCHO,HUANTA,2
2022,FEBRERO,MATRIMONIO,FEMENINO,AYACUCHO,LUCANAS,4
2022,FEBRERO,MATRIMONIO,FEMENINO,CAJAMARCA,CAJABAMBA,2
2022,FEBRERO,MATRIMONIO,FEMENINO,CAJAMARCA,CAJAMARCA,28
2022,FEBRERO,MATRIMONIO,FEMENINO,CAJAMARCA,CELENDIN,1
2022,FEBRERO,MATRIMONIO,FEMENINO,CAJAMARCA,CONTUMAZA,1
2022,FEBRERO,MATRIMONIO,FEMENINO,CAJAMARCA,CUTERVO,20
2022,FEBRERO,MATRIMONIO,FEMENINO,CAJAMARCA,JAEN,3
2022,FEBRERO,MATRIMONIO,FEMENINO,CAJAMARCA,SAN IGNACIO,1
2022,FEBRERO,MATRIMONIO,FEMENINO,CAJAMARCA,SAN MIGUEL,1
2022,FEBRERO,MATRIMONIO,FEMENINO,CAJAMARCA,SANTA CRUZ,2
2022,FEBRERO,MATRIMONIO,FEMENINO,CALLAO,CALLAO,310
2022,FEBRERO,MATRIMONIO,FEMENINO,CANADA,MONTREAL,1
2022,FEBRERO,MATRIMONIO,FEMENINO,CANADA,ONTARIO,1
2022,FEBRERO,MATRIMONIO,FEMENINO,CANADA,TORONTO,1
2022,FEBRERO,MATRIMONIO,FEMENINO,CHILE,SANTIAGO,6
2022,FEBRERO,MATRIMONIO,FEMENINO,COLOMBIA,BOGOTA,2
2022,FEBRERO,MATRIMONIO,FEMENINO,COSTA RICA,CARTAGO,1
2022,FEBRERO,MATRIMONIO,FEMENINO,CUSCO,ANTA,2
2022,FEBRERO,MATRIMONIO,FEMENINO,CUSCO,CANCHIS,1
2022,FEBRERO,MATRIMONIO,FEMENINO,CUSCO,CHUMBIVILCAS,1
2022,FEBRERO,MATRIMONIO,FEMENINO,CUSCO,CUSCO,56
2022,FEBRERO,MATRIMONIO,FEMENINO,CUSCO,ESPINAR,4
2022,FEBRERO,MATRIMONIO,FEMENINO,CUSCO,LA CONVENCION,3
2022,FEBRERO,MATRIMONIO,FEMENINO,CUSCO,PARURO,1
2022,FEBRERO,MATRIMONIO,FEMENINO,CUSCO,QUISPICANCHI,1
2022,FEBRERO,MATRIMONIO,FEMENINO,CUSCO,URUBAMBA,2
2022,FEBRERO,MATRIMONIO,FEMENINO,ESPAÑA,ALICANTE,1
2022,FEBRERO,MATRIMONIO,FEMENINO,ESPAÑA,ALMERIA,1
2022,FEBRERO,MATRIMONIO,FEMENINO,ESPAÑA,BARCELONA,5
2022,FEBRERO,MATRIMONIO,FEMENINO,ESPAÑA,CANTABRIA,1
2022,FEBRERO,MATRIMONIO,FEMENINO,ESPAÑA,LOGROÑO,1
2022,FEBRERO,MATRIMONIO,FEMENINO,ESPAÑA,MADRID,9
2022,FEBRERO,MATRIMONIO,FEMENINO,ESPAÑA,SEVILLA,1
2022,FEBRERO,MATRIMONIO,FEMENINO,ESPAÑA,TOLEDO,1
2022,FEBRERO,MATRIMONIO,FEMENINO,ESTADOS UNIDOS DE AMERICA,CAROLINA DEL NORTE,1
2022,FEBRERO,MATRIMONIO,FEMENINO,ESTADOS UNIDOS DE AMERICA,CAROLINA DEL SUR,1
2022,FEBRERO,MATRIMONIO,FEMENINO,ESTADOS UNIDOS DE AMERICA,COLORADO,1
2022,FEBRERO,MATRIMONIO,FEMENINO,ESTADOS UNIDOS DE AMERICA,CONNECTICUT,1
2022,FEBRERO,MATRIMONIO,FEMENINO,ESTADOS UNIDOS DE AMERICA,DALLAS,1
2022,FEBRERO,MATRIMONIO,FEMENINO,ESTADOS UNIDOS DE AMERICA,ILLINOIS,2
2022,FEBRERO,MATRIMONIO,FEMENINO,ESTADOS UNIDOS DE AMERICA,INDIANA,1
2022,FEBRERO,MATRIMONIO,FEMENINO,ESTADOS UNIDOS DE AMERICA,LAS VEGAS,1
2022,FEBRERO,MATRIMONIO,FEMENINO,ESTADOS UNIDOS DE AMERICA,LOS ANGELES,3
2022,FEBRERO,MATRIMONIO,FEMENINO,ESTADOS UNIDOS DE AMERICA,MIAMI,2
2022,FEBRERO,MATRIMONIO,FEMENINO,ESTADOS UNIDOS DE AMERICA,NUEVA JERSEY,10
2022,FEBRERO,MATRIMONIO,FEMENINO,ESTADOS UNIDOS DE AMERICA,NUEVA YORK,3
2022,FEBRERO,MATRIMONIO,FEMENINO,ESTADOS UNIDOS DE AMERICA,OREGON,1
2022,FEBRERO,MATRIMONIO,FEMENINO,ESTADOS UNIDOS DE AMERICA,ORLANDO,3
2022,FEBRERO,MATRIMONIO,FEMENINO,ESTADOS UNIDOS DE AMERICA,SAN FRANCISCO,2
2022,FEBRERO,MATRIMONIO,FEMENINO,ESTADOS UNIDOS DE AMERICA,TEXAS,1
2022,FEBRERO,MATRIMONIO,FEMENINO,ESTADOS UNIDOS DE AMERICA,VIRGINIA,5
2022,FEBRERO,MATRIMONIO,FEMENINO,ESTADOS UNIDOS DE AMERICA,WASHINGTON,1
2022,FEBRERO,MATRIMONIO,FEMENINO,FRANCIA,BURDEOS,1
2022,FEBRERO,MATRIMONIO,FEMENINO,FRANCIA,CORCEGA,1
2022,FEBRERO,MATRIMONIO,FEMENINO,FRANCIA,LORENA,1
2022,FEBRERO,MATRIMONIO,FEMENINO,FRANCIA,PARIS,2
2022,FEBRERO,MATRIMONIO,FEMENINO,GRAN BRETAÑA,LONDRES,1
2022,FEBRERO,MATRIMONIO,FEMENINO,HOLANDA,LA HAYA,1
2022,FEBRERO,MATRIMONIO,FEMENINO,HUANCAVELICA,ACOBAMBA,1
2022,FEBRERO,MATRIMONIO,FEMENINO,HUANCAVELICA,ANGARAES,1
2022,FEBRERO,MATRIMONIO,FEMENINO,HUANCAVELICA,HUANCAVELICA,5
2022,FEBRERO,MATRIMONIO,FEMENINO,HUANCAVELICA,HUAYTARA,1
2022,FEBRERO,MATRIMONIO,FEMENINO,HUANUCO,HUAMALIES,2
2022,FEBRERO,MATRIMONIO,FEMENINO,HUANUCO,HUANUCO,8
2022,FEBRERO,MATRIMONIO,FEMENINO,HUANUCO,LAURICOCHA,1
2022,FEBRERO,MATRIMONIO,FEMENINO,HUANUCO,LEONCIO PRADO,7
2022,FEBRERO,MATRIMONIO,FEMENINO,HUANUCO,PUERTO INCA,1
2022,FEBRERO,MATRIMONIO,FEMENINO,ICA,CHINCHA,12
2022,FEBRERO,MATRIMONIO,FEMENINO,ICA,ICA,38
2022,FEBRERO,MATRIMONIO,FEMENINO,ICA,NASCA,5
2022,FEBRERO,MATRIMONIO,FEMENINO,ICA,PISCO,7
2022,FEBRERO,MATRIMONIO,FEMENINO,ITALIA,EMILIA ROMAGNA,2
2022,FEBRERO,MATRIMONIO,FEMENINO,ITALIA,FLORENCIA,3
2022,FEBRERO,MATRIMONIO,FEMENINO,ITALIA,LACIO,3
2022,FEBRERO,MATRIMONIO,FEMENINO,ITALIA,LOMBARDIA,1
2022,FEBRERO,MATRIMONIO,FEMENINO,ITALIA,MILAN,7
2022,FEBRERO,MATRIMONIO,FEMENINO,ITALIA,ROMA,5
2022,FEBRERO,MATRIMONIO,FEMENINO,ITALIA,TRENTINO ALTO ADIGIO,2
2022,FEBRERO,MATRIMONIO,FEMENINO,ITALIA,TURIN,1
2022,FEBRERO,MATRIMONIO,FEMENINO,ITALIA,VALLE DE AOSTA,1
2022,FEBRERO,MATRIMONIO,FEMENINO,ITALIA,VENETO,1
2022,FEBRERO,MATRIMONIO,FEMENINO,JAPON,AICHI,1
2022,FEBRERO,MATRIMONIO,FEMENINO,JAPON,IBARAKI,1
2022,FEBRERO,MATRIMONIO,FEMENINO,JUNIN,CHANCHAMAYO,3
2022,FEBRERO,MATRIMONIO,FEMENINO,JUNIN,CHUPACA,2
2022,FEBRERO,MATRIMONIO,FEMENINO,JUNIN,CONCEPCION,1
2022,FEBRERO,MATRIMONIO,FEMENINO,JUNIN,HUANCAYO,37
2022,FEBRERO,MATRIMONIO,FEMENINO,JUNIN,JAUJA,2
2022,FEBRERO,MATRIMONIO,FEMENINO,JUNIN,SATIPO,2
2022,FEBRERO,MATRIMONIO,FEMENINO,JUNIN,TARMA,2
2022,FEBRERO,MATRIMONIO,FEMENINO,JUNIN,YAULI,1
2022,FEBRERO,MATRIMONIO,FEMENINO,LA LIBERTAD,ASCOPE,8
2022,FEBRERO,MATRIMONIO,FEMENINO,LA LIBERTAD,CHEPEN,1
2022,FEBRERO,MATRIMONIO,FEMENINO,LA LIBERTAD,OTUZCO,1
2022,FEBRERO,MATRIMONIO,FEMENINO,LA LIBERTAD,PACASMAYO,4
2022,FEBRERO,MATRIMONIO,FEMENINO,LA LIBERTAD,PATAZ,2
2022,FEBRERO,MATRIMONIO,FEMENINO,LA LIBERTAD,SANTIAGO DE CHUCO,1
2022,FEBRERO,MATRIMONIO,FEMENINO,LA LIBERTAD,TRUJILLO,276
2022,FEBRERO,MATRIMONIO,FEMENINO,LA LIBERTAD,VIRU,5
2022,FEBRERO,MATRIMONIO,FEMENINO,LAMBAYEQUE,CHICLAYO,81
2022,FEBRERO,MATRIMONIO,FEMENINO,LAMBAYEQUE,FERREÑAFE,2
2022,FEBRERO,MATRIMONIO,FEMENINO,LAMBAYEQUE,LAMBAYEQUE,6
2022,FEBRERO,MATRIMONIO,FEMENINO,LIMA,BARRANCA,16
2022,FEBRERO,MATRIMONIO,FEMENINO,LIMA,CANTA,2
2022,FEBRERO,MATRIMONIO,FEMENINO,LIMA,CAÑETE,16
2022,FEBRERO,MATRIMONIO,FEMENINO,LIMA,HUARAL,10
2022,FEBRERO,MATRIMONIO,FEMENINO,LIMA,HUAROCHIRI,10
2022,FEBRERO,MATRIMONIO,FEMENINO,LIMA,HUAURA,14
2022,FEBRERO,MATRIMONIO,FEMENINO,LIMA,LIMA,4680
2022,FEBRERO,MATRIMONIO,FEMENINO,LIMA,YAUYOS,1
2022,FEBRERO,MATRIMONIO,FEMENINO,LORETO,ALTO AMAZONAS,2
2022,FEBRERO,MATRIMONIO,FEMENINO,LORETO,MAYNAS,86
2022,FEBRERO,MATRIMONIO,FEMENINO,LORETO,UCAYALI,1
2022,FEBRERO,MATRIMONIO,FEMENINO,MADRE DE DIOS,MANU,2
2022,FEBRERO,MATRIMONIO,FEMENINO,MADRE DE DIOS,TAMBOPATA,12
2022,FEBRERO,MATRIMONIO,FEMENINO,MOQUEGUA,ILO,3
2022,FEBRERO,MATRIMONIO,FEMENINO,MOQUEGUA,MARISCAL NIETO,2
2022,FEBRERO,MATRIMONIO,FEMENINO,PARAGUAY,CENTRAL,1
2022,FEBRERO,MATRIMONIO,FEMENINO,PASCO,DANIEL ALCIDES CARRION,2
2022,FEBRERO,MATRIMONIO,FEMENINO,PASCO,OXAPAMPA,2
2022,FEBRERO,MATRIMONIO,FEMENINO,PASCO,PASCO,4
2022,FEBRERO,MATRIMONIO,FEMENINO,PIURA,AYABACA,2
2022,FEBRERO,MATRIMONIO,FEMENINO,PIURA,MORROPON,13
2022,FEBRERO,MATRIMONIO,FEMENINO,PIURA,PAITA,2
2022,FEBRERO,MATRIMONIO,FEMENINO,PIURA,PIURA,106
2022,FEBRERO,MATRIMONIO,FEMENINO,PIURA,SECHURA,3
2022,FEBRERO,MATRIMONIO,FEMENINO,PIURA,SULLANA,28
2022,FEBRERO,MATRIMONIO,FEMENINO,PIURA,TALARA,5
2022,FEBRERO,MATRIMONIO,FEMENINO,PUNO,AZANGARO,1
2022,FEBRERO,MATRIMONIO,FEMENINO,PUNO,CARABAYA,1
2022,FEBRERO,MATRIMONIO,FEMENINO,PUNO,CHUCUITO,1
2022,FEBRERO,MATRIMONIO,FEMENINO,PUNO,HUANCANE,1
2022,FEBRERO,MATRIMONIO,FEMENINO,PUNO,PUNO,4
2022,FEBRERO,MATRIMONIO,FEMENINO,PUNO,SAN ROMAN,6
2022,FEBRERO,MATRIMONIO,FEMENINO,PUNO,SANDIA,3
2022,FEBRERO,MATRIMONIO,FEMENINO,REPUBLICA DE PANAMA,PANAMA,1
2022,FEBRERO,MATRIMONIO,FEMENINO,SAN MARTIN,PICOTA,1
2022,FEBRERO,MATRIMONIO,FEMENINO,SAN MARTIN,RIOJA,3
2022,FEBRERO,MATRIMONIO,FEMENINO,SAN MARTIN,SAN MARTIN,6
2022,FEBRERO,MATRIMONIO,FEMENINO,SAN MARTIN,TOCACHE,1
2022,FEBRERO,MATRIMONIO,FEMENINO,SUECIA,UPPSALA,1
2022,FEBRERO,MATRIMONIO,FEMENINO,TACNA,CANDARAVE,1
2022,FEBRERO,MATRIMONIO,FEMENINO,TACNA,TACNA,13
2022,FEBRERO,MATRIMONIO,FEMENINO,TUMBES,CONTRALMIRANTE VILLAR,6
2022,FEBRERO,MATRIMONIO,FEMENINO,TUMBES,TUMBES,41
2022,FEBRERO,MATRIMONIO,FEMENINO,TUMBES,ZARUMILLA,4
2022,FEBRERO,MATRIMONIO,FEMENINO,UCAYALI,ATALAYA,1
2022,FEBRERO,MATRIMONIO,FEMENINO,UCAYALI,CORONEL PORTILLO,44
2022,FEBRERO,MATRIMONIO,FEMENINO,UCAYALI,PADRE ABAD,1
2022,FEBRERO,MATRIMONIO,FEMENINO,URUGUAY,MONTEVIDEO,1
2022,FEBRERO,MATRIMONIO,FEMENINO,VENEZUELA,CARACAS,1
2022,FEBRERO,MATRIMONIO,MASCULINO,ALEMANIA,HESSEN,1
2022,FEBRERO,MATRIMONIO,MASCULINO,AMAZONAS,BAGUA,1
2022,FEBRERO,MATRIMONIO,MASCULINO,AMAZONAS,CHACHAPOYAS,5
2022,FEBRERO,MATRIMONIO,MASCULINO,AMAZONAS,RODRIGUEZ DE MENDOZA,1
2022,FEBRERO,MATRIMONIO,MASCULINO,AMAZONAS,UTCUBAMBA,1
2022,FEBRERO,MATRIMONIO,MASCULINO,ANCASH,AIJA,1
2022,FEBRERO,MATRIMONIO,MASCULINO,ANCASH,BOLOGNESI,1
2022,FEBRERO,MATRIMONIO,MASCULINO,ANCASH,CARHUAZ,1
2022,FEBRERO,MATRIMONIO,MASCULINO,ANCASH,HUARAZ,3
2022,FEBRERO,MATRIMONIO,MASCULINO,ANCASH,HUARI,3
2022,FEBRERO,MATRIMONIO,MASCULINO,ANCASH,HUARMEY,2
2022,FEBRERO,MATRIMONIO,MASCULINO,ANCASH,OCROS,2
2022,FEBRERO,MATRIMONIO,MASCULINO,ANCASH,PALLASCA,1
2022,FEBRERO,MATRIMONIO,MASCULINO,ANCASH,SANTA,25
2022,FEBRERO,MATRIMONIO,MASCULINO,ANCASH,YUNGAY,1
2022,FEBRERO,MATRIMONIO,MASCULINO,APURIMAC,ABANCAY,5
2022,FEBRERO,MATRIMONIO,MASCULINO,APURIMAC,ANDAHUAYLAS,1
2022,FEBRERO,MATRIMONIO,MASCULINO,APURIMAC,CHINCHEROS,1
2022,FEBRERO,MATRIMONIO,MASCULINO,APURIMAC,GRAU,1
2022,FEBRERO,MATRIMONIO,MASCULINO,AREQUIPA,AREQUIPA,87
2022,FEBRERO,MATRIMONIO,MASCULINO,AREQUIPA,CARAVELI,1
2022,FEBRERO,MATRIMONIO,MASCULINO,AREQUIPA,CASTILLA,1
2022,FEBRERO,MATRIMONIO,MASCULINO,AREQUIPA,CAYLLOMA,3
2022,FEBRERO,MATRIMONIO,MASCULINO,AREQUIPA,ISLAY,1
2022,FEBRERO,MATRIMONIO,MASCULINO,AREQUIPA,LA UNION,1
2022,FEBRERO,MATRIMONIO,MASCULINO,AYACUCHO,CANGALLO,7
2022,FEBRERO,MATRIMONIO,MASCULINO,AYACUCHO,HUAMANGA,6
2022,FEBRERO,MATRIMONIO,MASCULINO,AYACUCHO,HUANTA,1
2022,FEBRERO,MATRIMONIO,MASCULINO,BELGICA,BRUSELAS,1
2022,FEBRERO,MATRIMONIO,MASCULINO,BOLIVIA,SANTA CRUZ,1
2022,FEBRERO,MATRIMONIO,MASCULINO,BRASIL,PARANA,1
2022,FEBRERO,MATRIMONIO,MASCULINO,CAJAMARCA,CAJABAMBA,1
2022,FEBRERO,MATRIMONIO,MASCULINO,CAJAMARCA,CAJAMARCA,45
2022,FEBRERO,MATRIMONIO,MASCULINO,CAJAMARCA,CELENDIN,1
2022,FEBRERO,MATRIMONIO,MASCULINO,CAJAMARCA,CHOTA,1
2022,FEBRERO,MATRIMONIO,MASCULINO,CAJAMARCA,CUTERVO,1
2022,FEBRERO,MATRIMONIO,MASCULINO,CAJAMARCA,JAEN,3
2022,FEBRERO,MATRIMONIO,MASCULINO,CAJAMARCA,SAN MARCOS,1
2022,FEBRERO,MATRIMONIO,MASCULINO,CAJAMARCA,SANTA CRUZ,1
2022,FEBRERO,MATRIMONIO,MASCULINO,CALLAO,CALLAO,357
2022,FEBRERO,MATRIMONIO,MASCULINO,CANADA,ONTARIO,1
2022,FEBRERO,MATRIMONIO,MASCULINO,CHILE,SANTIAGO,4
2022,FEBRERO,MATRIMONIO,MASCULINO,COLOMBIA,BOGOTA,2
2022,FEBRERO,MATRIMONIO,MASCULINO,COSTA RICA,HEREDIA,1
2022,FEBRERO,MATRIMONIO,MASCULINO,COSTA RICA,PUNTARENAS,1
2022,FEBRERO,MATRIMONIO,MASCULINO,CUSCO,ANTA,1
2022,FEBRERO,MATRIMONIO,MASCULINO,CUSCO,CANCHIS,1
2022,FEBRERO,MATRIMONIO,MASCULINO,CUSCO,CUSCO,51
2022,FEBRERO,MATRIMONIO,MASCULINO,CUSCO,ESPINAR,1
2022,FEBRERO,MATRIMONIO,MASCULINO,CUSCO,LA CONVENCION,2
2022,FEBRERO,MATRIMONIO,MASCULINO,CUSCO,QUISPICANCHI,3
2022,FEBRERO,MATRIMONIO,MASCULINO,ECUADOR,GUAYAQUIL,1
2022,FEBRERO,MATRIMONIO,MASCULINO,ESPAÑA,ALICANTE,1
2022,FEBRERO,MATRIMONIO,MASCULINO,ESPAÑA,BALEARES,1
2022,FEBRERO,MATRIMONIO,MASCULINO,ESPAÑA,BARCELONA,8
2022,FEBRERO,MATRIMONIO,MASCULINO,ESPAÑA,GERONA,1
2022,FEBRERO,MATRIMONIO,MASCULINO,ESPAÑA,MADRID,12
2022,FEBRERO,MATRIMONIO,MASCULINO,ESPAÑA,SEVILLA,1
2022,FEBRERO,MATRIMONIO,MASCULINO,ESTADOS UNIDOS DE AMERICA,CAROLINA DEL NORTE,1
2022,FEBRERO,MATRIMONIO,MASCULINO,ESTADOS UNIDOS DE AMERICA,CONNECTICUT,2
2022,FEBRERO,MATRIMONIO,MASCULINO,ESTADOS UNIDOS DE AMERICA,FLORIDA,1
2022,FEBRERO,MATRIMONIO,MASCULINO,ESTADOS UNIDOS DE AMERICA,FORT LAUDERDALE,1
2022,FEBRERO,MATRIMONIO,MASCULINO,ESTADOS UNIDOS DE AMERICA,GEORGIA,4
2022,FEBRERO,MATRIMONIO,MASCULINO,ESTADOS UNIDOS DE AMERICA,LOS ANGELES,3
2022,FEBRERO,MATRIMONIO,MASCULINO,ESTADOS UNIDOS DE AMERICA,MARYLAND,1
2022,FEBRERO,MATRIMONIO,MASCULINO,ESTADOS UNIDOS DE AMERICA,MIAMI,6
2022,FEBRERO,MATRIMONIO,MASCULINO,ESTADOS UNIDOS DE AMERICA,NUEVA JERSEY,2
2022,FEBRERO,MATRIMONIO,MASCULINO,ESTADOS UNIDOS DE AMERICA,NUEVA YORK,5
2022,FEBRERO,MATRIMONIO,MASCULINO,ESTADOS UNIDOS DE AMERICA,PATERSON,5
2022,FEBRERO,MATRIMONIO,MASCULINO,ESTADOS UNIDOS DE AMERICA,SAN FRANCISCO,1
2022,FEBRERO,MATRIMONIO,MASCULINO,ESTADOS UNIDOS DE AMERICA,TEXAS,1
2022,FEBRERO,MATRIMONIO,MASCULINO,ESTADOS UNIDOS DE AMERICA,VIRGINIA,4
2022,FEBRERO,MATRIMONIO,MASCULINO,FRANCIA,LYON,1
2022,FEBRERO,MATRIMONIO,MASCULINO,FRANCIA,PARIS,1
2022,FEBRERO,MATRIMONIO,MASCULINO,GRAN BRETAÑA,LONDRES,1
2022,FEBRERO,MATRIMONIO,MASCULINO,GRAN BRETAÑA,WEST SUSSEX,1
2022,FEBRERO,MATRIMONIO,MASCULINO,HUANCAVELICA,ANGARAES,4
2022,FEBRERO,MATRIMONIO,MASCULINO,HUANCAVELICA,CASTROVIRREYNA,1
2022,FEBRERO,MATRIMONIO,MASCULINO,HUANCAVELICA,HUANCAVELICA,5
2022,FEBRERO,MATRIMONIO,MASCULINO,HUANCAVELICA,HUAYTARA,1
2022,FEBRERO,MATRIMONIO,MASCULINO,HUANCAVELICA,TAYACAJA,2
2022,FEBRERO,MATRIMONIO,MASCULINO,HUANUCO,DOS DE MAYO,1
2022,FEBRERO,MATRIMONIO,MASCULINO,HUANUCO,HUAMALIES,1
2022,FEBRERO,MATRIMONIO,MASCULINO,HUANUCO,HUANUCO,10
2022,FEBRERO,MATRIMONIO,MASCULINO,HUANUCO,LEONCIO PRADO,1
2022,FEBRERO,MATRIMONIO,MASCULINO,HUANUCO,YAROWILCA,2
2022,FEBRERO,MATRIMONIO,MASCULINO,ICA,CHINCHA,18
2022,FEBRERO,MATRIMONIO,MASCULINO,ICA,ICA,36
2022,FEBRERO,MATRIMONIO,MASCULINO,ICA,NASCA,4
2022,FEBRERO,MATRIMONIO,MASCULINO,ICA,PALPA,2
2022,FEBRERO,MATRIMONIO,MASCULINO,ICA,PISCO,7
2022,FEBRERO,MATRIMONIO,MASCULINO,ITALIA,LACIO,1
2022,FEBRERO,MATRIMONIO,MASCULINO,ITALIA,LOMBARDIA,1
2022,FEBRERO,MATRIMONIO,MASCULINO,ITALIA,MILAN,3
2022,FEBRERO,MATRIMONIO,MASCULINO,ITALIA,ROMA,1
2022,FEBRERO,MATRIMONIO,MASCULINO,ITALIA,TURIN,1
2022,FEBRERO,MATRIMONIO,MASCULINO,JAPON,GUNMA,1
2022,FEBRERO,MATRIMONIO,MASCULINO,JAPON,KANAGAWA,3
2022,FEBRERO,MATRIMONIO,MASCULINO,JAPON,NARA,1
2022,FEBRERO,MATRIMONIO,MASCULINO,JUNIN,CHANCHAMAYO,2
2022,FEBRERO,MATRIMONIO,MASCULINO,JUNIN,CHUPACA,2
2022,FEBRERO,MATRIMONIO,MASCULINO,JUNIN,CONCEPCION,4
2022,FEBRERO,MATRIMONIO,MASCULINO,JUNIN,HUANCAYO,42
2022,FEBRERO,MATRIMONIO,MASCULINO,JUNIN,JAUJA,1
2022,FEBRERO,MATRIMONIO,MASCULINO,JUNIN,SATIPO,1
2022,FEBRERO,MATRIMONIO,MASCULINO,JUNIN,TARMA,2
2022,FEBRERO,MATRIMONIO,MASCULINO,JUNIN,YAULI,1
2022,FEBRERO,MATRIMONIO,MASCULINO,LA LIBERTAD,ASCOPE,4
2022,FEBRERO,MATRIMONIO,MASCULINO,LA LIBERTAD,CHEPEN,2
2022,FEBRERO,MATRIMONIO,MASCULINO,LA LIBERTAD,GRAN CHIMU,1
2022,FEBRERO,MATRIMONIO,MASCULINO,LA LIBERTAD,OTUZCO,1
2022,FEBRERO,MATRIMONIO,MASCULINO,LA LIBERTAD,PACASMAYO,5
2022,FEBRERO,MATRIMONIO,MASCULINO,LA LIBERTAD,PATAZ,2
2022,FEBRERO,MATRIMONIO,MASCULINO,LA LIBERTAD,SANCHEZ CARRION,2
2022,FEBRERO,MATRIMONIO,MASCULINO,LA LIBERTAD,SANTIAGO DE CHUCO,1
2022,FEBRERO,MATRIMONIO,MASCULINO,LA LIBERTAD,TRUJILLO,161
2022,FEBRERO,MATRIMONIO,MASCULINO,LA LIBERTAD,VIRU,4
2022,FEBRERO,MATRIMONIO,MASCULINO,LAMBAYEQUE,CHICLAYO,88
2022,FEBRERO,MATRIMONIO,MASCULINO,LAMBAYEQUE,FERREÑAFE,2
2022,FEBRERO,MATRIMONIO,MASCULINO,LAMBAYEQUE,LAMBAYEQUE,9
2022,FEBRERO,MATRIMONIO,MASCULINO,LIMA,BARRANCA,21
2022,FEBRERO,MATRIMONIO,MASCULINO,LIMA,CAJATAMBO,1
2022,FEBRERO,MATRIMONIO,MASCULINO,LIMA,CANTA,1
2022,FEBRERO,MATRIMONIO,MASCULINO,LIMA,CAÑETE,23
2022,FEBRERO,MATRIMONIO,MASCULINO,LIMA,HUARAL,4
2022,FEBRERO,MATRIMONIO,MASCULINO,LIMA,HUAROCHIRI,17
2022,FEBRERO,MATRIMONIO,MASCULINO,LIMA,HUAURA,12
2022,FEBRERO,MATRIMONIO,MASCULINO,LIMA,LIMA,4866
2022,FEBRERO,MATRIMONIO,MASCULINO,LIMA,OYON,2
2022,FEBRERO,MATRIMONIO,MASCULINO,LIMA,YAUYOS,1
2022,FEBRERO,MATRIMONIO,MASCULINO,LORETO,ALTO AMAZONAS,1
2022,FEBRERO,MATRIMONIO,MASCULINO,LORETO,LORETO,1
2022,FEBRERO,MATRIMONIO,MASCULINO,LORETO,MAYNAS,100
2022,FEBRERO,MATRIMONIO,MASCULINO,LORETO,REQUENA,1
2022,FEBRERO,MATRIMONIO,MASCULINO,MADRE DE DIOS,TAMBOPATA,9
2022,FEBRERO,MATRIMONIO,MASCULINO,MOQUEGUA,ILO,3
2022,FEBRERO,MATRIMONIO,MASCULINO,PASCO,DANIEL ALCIDES CARRION,1
2022,FEBRERO,MATRIMONIO,MASCULINO,PASCO,OXAPAMPA,3
2022,FEBRERO,MATRIMONIO,MASCULINO,PASCO,PASCO,8
2022,FEBRERO,MATRIMONIO,MASCULINO,PIURA,AYABACA,3
2022,FEBRERO,MATRIMONIO,MASCULINO,PIURA,HUANCABAMBA,1
2022,FEBRERO,MATRIMONIO,MASCULINO,PIURA,MORROPON,5
2022,FEBRERO,MATRIMONIO,MASCULINO,PIURA,PAITA,5
2022,FEBRERO,MATRIMONIO,MASCULINO,PIURA,PIURA,105
2022,FEBRERO,MATRIMONIO,MASCULINO,PIURA,SECHURA,2
2022,FEBRERO,MATRIMONIO,MASCULINO,PIURA,SULLANA,18
2022,FEBRERO,MATRIMONIO,MASCULINO,PIURA,TALARA,10
2022,FEBRERO,MATRIMONIO,MASCULINO,PUNO,CARABAYA,1
2022,FEBRERO,MATRIMONIO,MASCULINO,PUNO,HUANCANE,1
2022,FEBRERO,MATRIMONIO,MASCULINO,PUNO,PUNO,3
2022,FEBRERO,MATRIMONIO,MASCULINO,PUNO,SAN ROMAN,11
2022,FEBRERO,MATRIMONIO,MASCULINO,REPUBLICA DE ANGOLA,HUÍLA,1
2022,FEBRERO,MATRIMONIO,MASCULINO,SAN MARTIN,MARISCAL CACERES,2
2022,FEBRERO,MATRIMONIO,MASCULINO,SAN MARTIN,MOYOBAMBA,5
2022,FEBRERO,MATRIMONIO,MASCULINO,SAN MARTIN,RIOJA,2
2022,FEBRERO,MATRIMONIO,MASCULINO,SAN MARTIN,SAN MARTIN,13
2022,FEBRERO,MATRIMONIO,MASCULINO,SAN MARTIN,TOCACHE,1
2022,FEBRERO,MATRIMONIO,MASCULINO,TACNA,TACNA,19
2022,FEBRERO,MATRIMONIO,MASCULINO,TUMBES,CONTRALMIRANTE VILLAR,2
2022,FEBRERO,MATRIMONIO,MASCULINO,TUMBES,TUMBES,29
2022,FEBRERO,MATRIMONIO,MASCULINO,TUMBES,ZARUMILLA,7
2022,FEBRERO,MATRIMONIO,MASCULINO,UCAYALI,CORONEL PORTILLO,29
2022,FEBRERO,NACIMIENTO,FEMENINO,ALEMANIA,BAVIERA,2
2022,FEBRERO,NACIMIENTO,FEMENINO,ALEMANIA,BRANDENBURGO,1
2022,FEBRERO,NACIMIENTO,FEMENINO,ALEMANIA,DUSSELDORF,1
2022,FEBRERO,NACIMIENTO,FEMENINO,ALEMANIA,FRANKFURT,1
2022,FEBRERO,NACIMIENTO,FEMENINO,ALEMANIA,HAMBURGO,1
2022,FEBRERO,NACIMIENTO,FEMENINO,ALEMANIA,HESSEN,1
2022,FEBRERO,NACIMIENTO,FEMENINO,ALEMANIA,MUNICH,1
2022,FEBRERO,NACIMIENTO,FEMENINO,ALEMANIA,SCHLESWIG-HOLSTEIN,2
2022,FEBRERO,NACIMIENTO,FEMENINO,AMAZONAS,BAGUA,20
2022,FEBRERO,NACIMIENTO,FEMENINO,AMAZONAS,BONGARA,10
2022,FEBRERO,NACIMIENTO,FEMENINO,AMAZONAS,CHACHAPOYAS,13
2022,FEBRERO,NACIMIENTO,FEMENINO,AMAZONAS,CONDORCANQUI,15
2022,FEBRERO,NACIMIENTO,FEMENINO,AMAZONAS,LUYA,7
2022,FEBRERO,NACIMIENTO,FEMENINO,AMAZONAS,RODRIGUEZ DE MENDOZA,15
2022,FEBRERO,NACIMIENTO,FEMENINO,AMAZONAS,UTCUBAMBA,49
2022,FEBRERO,NACIMIENTO,FEMENINO,ANCASH,AIJA,1
2022,FEBRERO,NACIMIENTO,FEMENINO,ANCASH,ANTONIO RAIMONDI,5
2022,FEBRERO,NACIMIENTO,FEMENINO,ANCASH,ASUNCION,1
2022,FEBRERO,NACIMIENTO,FEMENINO,ANCASH,BOLOGNESI,14
2022,FEBRERO,NACIMIENTO,FEMENINO,ANCASH,CARHUAZ,12
2022,FEBRERO,NACIMIENTO,FEMENINO,ANCASH,CARLOS FERMIN FITZCARRALD,5
2022,FEBRERO,NACIMIENTO,FEMENINO,ANCASH,CASMA,27
2022,FEBRERO,NACIMIENTO,FEMENINO,ANCASH,CORONGO,2
2022,FEBRERO,NACIMIENTO,FEMENINO,ANCASH,HUARAZ,22
2022,FEBRERO,NACIMIENTO,FEMENINO,ANCASH,HUARI,58
2022,FEBRERO,NACIMIENTO,FEMENINO,ANCASH,HUARMEY,5
2022,FEBRERO,NACIMIENTO,FEMENINO,ANCASH,HUAYLAS,38
2022,FEBRERO,NACIMIENTO,FEMENINO,ANCASH,MARISCAL LUZURIAGA,9
2022,FEBRERO,NACIMIENTO,FEMENINO,ANCASH,OCROS,4
2022,FEBRERO,NACIMIENTO,FEMENINO,ANCASH,PALLASCA,17
2022,FEBRERO,NACIMIENTO,FEMENINO,ANCASH,POMABAMBA,5
2022,FEBRERO,NACIMIENTO,FEMENINO,ANCASH,RECUAY,4
2022,FEBRERO,NACIMIENTO,FEMENINO,ANCASH,SANTA,751
2022,FEBRERO,NACIMIENTO,FEMENINO,ANCASH,SIHUAS,9
2022,FEBRERO,NACIMIENTO,FEMENINO,ANCASH,YUNGAY,20
2022,FEBRERO,NACIMIENTO,FEMENINO,APURIMAC,ABANCAY,28
2022,FEBRERO,NACIMIENTO,FEMENINO,APURIMAC,ANDAHUAYLAS,25
2022,FEBRERO,NACIMIENTO,FEMENINO,APURIMAC,ANTABAMBA,2
2022,FEBRERO,NACIMIENTO,FEMENINO,APURIMAC,AYMARAES,12
2022,FEBRERO,NACIMIENTO,FEMENINO,APURIMAC,CHINCHEROS,29
2022,FEBRERO,NACIMIENTO,FEMENINO,APURIMAC,COTABAMBAS,17
2022,FEBRERO,NACIMIENTO,FEMENINO,APURIMAC,GRAU,5
2022,FEBRERO,NACIMIENTO,FEMENINO,AREQUIPA,AREQUIPA,930
2022,FEBRERO,NACIMIENTO,FEMENINO,AREQUIPA,CAMANA,35
2022,FEBRERO,NACIMIENTO,FEMENINO,AREQUIPA,CARAVELI,17
2022,FEBRERO,NACIMIENTO,FEMENINO,AREQUIPA,CASTILLA,7
2022,FEBRERO,NACIMIENTO,FEMENINO,AREQUIPA,CAYLLOMA,79
2022,FEBRERO,NACIMIENTO,FEMENINO,AREQUIPA,CONDESUYOS,4
2022,FEBRERO,NACIMIENTO,FEMENINO,AREQUIPA,ISLAY,14
2022,FEBRERO,NACIMIENTO,FEMENINO,AREQUIPA,LA UNION,1
2022,FEBRERO,NACIMIENTO,FEMENINO,ARGENTINA,BUENOS AIRES,33
2022,FEBRERO,NACIMIENTO,FEMENINO,ARGENTINA,CORDOBA,2
2022,FEBRERO,NACIMIENTO,FEMENINO,ARGENTINA,LA PLATA,4
2022,FEBRERO,NACIMIENTO,FEMENINO,ARGENTINA,MENDOZA,1
2022,FEBRERO,NACIMIENTO,FEMENINO,ARGENTINA,SAN JUAN,1
2022,FEBRERO,NACIMIENTO,FEMENINO,AUSTRALIA,SIDNEY,3
2022,FEBRERO,NACIMIENTO,FEMENINO,AYACUCHO,CANGALLO,8
2022,FEBRERO,NACIMIENTO,FEMENINO,AYACUCHO,HUAMANGA,69
2022,FEBRERO,NACIMIENTO,FEMENINO,AYACUCHO,HUANCA SANCOS,3
2022,FEBRERO,NACIMIENTO,FEMENINO,AYACUCHO,HUANTA,19
2022,FEBRERO,NACIMIENTO,FEMENINO,AYACUCHO,LA MAR,9
2022,FEBRERO,NACIMIENTO,FEMENINO,AYACUCHO,LUCANAS,12
2022,FEBRERO,NACIMIENTO,FEMENINO,AYACUCHO,PARINACOCHAS,12
2022,FEBRERO,NACIMIENTO,FEMENINO,AYACUCHO,PAUCAR DEL SARA SARA,5
2022,FEBRERO,NACIMIENTO,FEMENINO,AYACUCHO,SUCRE,5
2022,FEBRERO,NACIMIENTO,FEMENINO,AYACUCHO,VICTOR FAJARDO,5
2022,FEBRERO,NACIMIENTO,FEMENINO,AYACUCHO,VILCAS HUAMAN,5
2022,FEBRERO,NACIMIENTO,FEMENINO,BELGICA,BRUSELAS,5
2022,FEBRERO,NACIMIENTO,FEMENINO,BELGICA,GANTE,1
2022,FEBRERO,NACIMIENTO,FEMENINO,BOLIVIA,COCHABAMBA,1
2022,FEBRERO,NACIMIENTO,FEMENINO,BOLIVIA,SANTA CRUZ,1
2022,FEBRERO,NACIMIENTO,FEMENINO,BRASIL,BRASILIA,1
2022,FEBRERO,NACIMIENTO,FEMENINO,BRASIL,RIO DE JANEIRO,1
2022,FEBRERO,NACIMIENTO,FEMENINO,BRASIL,SAO PAULO,7
2022,FEBRERO,NACIMIENTO,FEMENINO,BULGARIA,PLOVDIV,1
2022,FEBRERO,NACIMIENTO,FEMENINO,CAJAMARCA,CAJABAMBA,20
2022,FEBRERO,NACIMIENTO,FEMENINO,CAJAMARCA,CAJAMARCA,702
2022,FEBRERO,NACIMIENTO,FEMENINO,CAJAMARCA,CELENDIN,26
2022,FEBRERO,NACIMIENTO,FEMENINO,CAJAMARCA,CHOTA,30
2022,FEBRERO,NACIMIENTO,FEMENINO,CAJAMARCA,CONTUMAZA,10
2022,FEBRERO,NACIMIENTO,FEMENINO,CAJAMARCA,CUTERVO,30
2022,FEBRERO,NACIMIENTO,FEMENINO,CAJAMARCA,HUALGAYOC,23
2022,FEBRERO,NACIMIENTO,FEMENINO,CAJAMARCA,JAEN,62
2022,FEBRERO,NACIMIENTO,FEMENINO,CAJAMARCA,SAN IGNACIO,45
2022,FEBRERO,NACIMIENTO,FEMENINO,CAJAMARCA,SAN MARCOS,7
2022,FEBRERO,NACIMIENTO,FEMENINO,CAJAMARCA,SAN MIGUEL,15
2022,FEBRERO,NACIMIENTO,FEMENINO,CAJAMARCA,SAN PABLO,8
2022,FEBRERO,NACIMIENTO,FEMENINO,CAJAMARCA,SANTA CRUZ,12
2022,FEBRERO,NACIMIENTO,FEMENINO,CALLAO,CALLAO,1766
2022,FEBRERO,NACIMIENTO,FEMENINO,CANADA,ALBERTA,2
2022,FEBRERO,NACIMIENTO,FEMENINO,CANADA,MANITOBA,1
2022,FEBRERO,NACIMIENTO,FEMENINO,CANADA,MONTREAL,5
2022,FEBRERO,NACIMIENTO,FEMENINO,CANADA,ONTARIO,4
2022,FEBRERO,NACIMIENTO,FEMENINO,CANADA,QUEBEC,1
2022,FEBRERO,NACIMIENTO,FEMENINO,CANADA,TORONTO,1
2022,FEBRERO,NACIMIENTO,FEMENINO,CHILE,ANTOFAGASTA,3
2022,FEBRERO,NACIMIENTO,FEMENINO,CHILE,IQUIQUE,4
2022,FEBRERO,NACIMIENTO,FEMENINO,CHILE,SANTIAGO,68
2022,FEBRERO,NACIMIENTO,FEMENINO,COLOMBIA,BOGOTA,2
2022,FEBRERO,NACIMIENTO,FEMENINO,COLOMBIA,MEDELLIN,1
2022,FEBRERO,NACIMIENTO,FEMENINO,COSTA RICA,SAN JOSE,1
2022,FEBRERO,NACIMIENTO,FEMENINO,CUSCO,ACOMAYO,5
2022,FEBRERO,NACIMIENTO,FEMENINO,CUSCO,ANTA,37
2022,FEBRERO,NACIMIENTO,FEMENINO,CUSCO,CALCA,22
2022,FEBRERO,NACIMIENTO,FEMENINO,CUSCO,CANAS,9
2022,FEBRERO,NACIMIENTO,FEMENINO,CUSCO,CANCHIS,70
2022,FEBRERO,NACIMIENTO,FEMENINO,CUSCO,CHUMBIVILCAS,8
2022,FEBRERO,NACIMIENTO,FEMENINO,CUSCO,CUSCO,523
2022,FEBRERO,NACIMIENTO,FEMENINO,CUSCO,ESPINAR,8
2022,FEBRERO,NACIMIENTO,FEMENINO,CUSCO,LA CONVENCION,38
2022,FEBRERO,NACIMIENTO,FEMENINO,CUSCO,PARURO,8
2022,FEBRERO,NACIMIENTO,FEMENINO,CUSCO,PAUCARTAMBO,16
2022,FEBRERO,NACIMIENTO,FEMENINO,CUSCO,QUISPICANCHI,33
2022,FEBRERO,NACIMIENTO,FEMENINO,CUSCO,URUBAMBA,23
2022,FEBRERO,NACIMIENTO,FEMENINO,ECUADOR,GUAYAQUIL,2
2022,FEBRERO,NACIMIENTO,FEMENINO,ECUADOR,QUITO,1
2022,FEBRERO,NACIMIENTO,FEMENINO,EL SALVADOR,SAN SALVADOR,1
2022,FEBRERO,NACIMIENTO,FEMENINO,ESPAÑA,ALICANTE,2
2022,FEBRERO,NACIMIENTO,FEMENINO,ESPAÑA,ALMERIA,1
2022,FEBRERO,NACIMIENTO,FEMENINO,ESPAÑA,AVILA,1
2022,FEBRERO,NACIMIENTO,FEMENINO,ESPAÑA,BALEARES,2
2022,FEBRERO,NACIMIENTO,FEMENINO,ESPAÑA,BARCELONA,45
2022,FEBRERO,NACIMIENTO,FEMENINO,ESPAÑA,CADIZ,1
2022,FEBRERO,NACIMIENTO,FEMENINO,ESPAÑA,CANTABRIA,2
2022,FEBRERO,NACIMIENTO,FEMENINO,ESPAÑA,CIUDAD REAL,4
2022,FEBRERO,NACIMIENTO,FEMENINO,ESPAÑA,CUENCA,3
2022,FEBRERO,NACIMIENTO,FEMENINO,ESPAÑA,GERONA,1
2022,FEBRERO,NACIMIENTO,FEMENINO,ESPAÑA,GUIPUZCOA,1
2022,FEBRERO,NACIMIENTO,FEMENINO,ESPAÑA,LA CORUÑA,2
2022,FEBRERO,NACIMIENTO,FEMENINO,ESPAÑA,LEON,1
2022,FEBRERO,NACIMIENTO,FEMENINO,ESPAÑA,LOGROÑO,1
2022,FEBRERO,NACIMIENTO,FEMENINO,ESPAÑA,LUGO,1
2022,FEBRERO,NACIMIENTO,FEMENINO,ESPAÑA,MADRID,93
2022,FEBRERO,NACIMIENTO,FEMENINO,ESPAÑA,MALLORCA,1
2022,FEBRERO,NACIMIENTO,FEMENINO,ESPAÑA,MURCIA,2
2022,FEBRERO,NACIMIENTO,FEMENINO,ESPAÑA,SALAMANCA,1
2022,FEBRERO,NACIMIENTO,FEMENINO,ESPAÑA,SANTANDER,1
2022,FEBRERO,NACIMIENTO,FEMENINO,ESPAÑA,SEVILLA,2
2022,FEBRERO,NACIMIENTO,FEMENINO,ESPAÑA,TARRAGONA,2
2022,FEBRERO,NACIMIENTO,FEMENINO,ESPAÑA,TENERIFE,2
2022,FEBRERO,NACIMIENTO,FEMENINO,ESPAÑA,TOLEDO,3
2022,FEBRERO,NACIMIENTO,FEMENINO,ESPAÑA,VALENCIA,1
2022,FEBRERO,NACIMIENTO,FEMENINO,ESPAÑA,VIZCAYA,2
2022,FEBRERO,NACIMIENTO,FEMENINO,ESTADOS UNIDOS DE AMERICA,ALABAMA,1
2022,FEBRERO,NACIMIENTO,FEMENINO,ESTADOS UNIDOS DE AMERICA,ARIZONA,1
2022,FEBRERO,NACIMIENTO,FEMENINO,ESTADOS UNIDOS DE AMERICA,ATLANTA,1
2022,FEBRERO,NACIMIENTO,FEMENINO,ESTADOS UNIDOS DE AMERICA,BOSTON,1
2022,FEBRERO,NACIMIENTO,FEMENINO,ESTADOS UNIDOS DE AMERICA,CALIFORNIA,2
2022,FEBRERO,NACIMIENTO,FEMENINO,ESTADOS UNIDOS DE AMERICA,CAROLINA DEL NORTE,1
2022,FEBRERO,NACIMIENTO,FEMENINO,ESTADOS UNIDOS DE AMERICA,COLORADO,7
2022,FEBRERO,NACIMIENTO,FEMENINO,ESTADOS UNIDOS DE AMERICA,CONNECTICUT,8
2022,FEBRERO,NACIMIENTO,FEMENINO,ESTADOS UNIDOS DE AMERICA,CORAL GABLES (FLORIDA),1
2022,FEBRERO,NACIMIENTO,FEMENINO,ESTADOS UNIDOS DE AMERICA,DALLAS,2
2022,FEBRERO,NACIMIENTO,FEMENINO,ESTADOS UNIDOS DE AMERICA,FLORIDA,13
2022,FEBRERO,NACIMIENTO,FEMENINO,ESTADOS UNIDOS DE AMERICA,GEORGIA,4
2022,FEBRERO,NACIMIENTO,FEMENINO,ESTADOS UNIDOS DE AMERICA,HOUSTON,2
2022,FEBRERO,NACIMIENTO,FEMENINO,ESTADOS UNIDOS DE AMERICA,ILLINOIS,3
2022,FEBRERO,NACIMIENTO,FEMENINO,ESTADOS UNIDOS DE AMERICA,INDIANA,1
2022,FEBRERO,NACIMIENTO,FEMENINO,ESTADOS UNIDOS DE AMERICA,IOWA,1
2022,FEBRERO,NACIMIENTO,FEMENINO,ESTADOS UNIDOS DE AMERICA,KANSAS,1
2022,FEBRERO,NACIMIENTO,FEMENINO,ESTADOS UNIDOS DE AMERICA,LAS VEGAS,1
2022,FEBRERO,NACIMIENTO,FEMENINO,ESTADOS UNIDOS DE AMERICA,LOS ANGELES,16
2022,FEBRERO,NACIMIENTO,FEMENINO,ESTADOS UNIDOS DE AMERICA,MARYLAND,6
2022,FEBRERO,NACIMIENTO,FEMENINO,ESTADOS UNIDOS DE AMERICA,MASSACHUSETTS,2
2022,FEBRERO,NACIMIENTO,FEMENINO,ESTADOS UNIDOS DE AMERICA,MIAMI,23
2022,FEBRERO,NACIMIENTO,FEMENINO,ESTADOS UNIDOS DE AMERICA,NEVADA,1
2022,FEBRERO,NACIMIENTO,FEMENINO,ESTADOS UNIDOS DE AMERICA,NUEVA JERSEY,21
2022,FEBRERO,NACIMIENTO,FEMENINO,ESTADOS UNIDOS DE AMERICA,NUEVA YORK,26
2022,FEBRERO,NACIMIENTO,FEMENINO,ESTADOS UNIDOS DE AMERICA,OKLAHOMA,1
2022,FEBRERO,NACIMIENTO,FEMENINO,ESTADOS UNIDOS DE AMERICA,OREGON,1
2022,FEBRERO,NACIMIENTO,FEMENINO,ESTADOS UNIDOS DE AMERICA,ORLANDO,2
2022,FEBRERO,NACIMIENTO,FEMENINO,ESTADOS UNIDOS DE AMERICA,PATERSON,1
2022,FEBRERO,NACIMIENTO,FEMENINO,ESTADOS UNIDOS DE AMERICA,PENNSYLVANIA,3
2022,FEBRERO,NACIMIENTO,FEMENINO,ESTADOS UNIDOS DE AMERICA,SAN ANTONIO,1
2022,FEBRERO,NACIMIENTO,FEMENINO,ESTADOS UNIDOS DE AMERICA,SAN FRANCISCO,11
2022,FEBRERO,NACIMIENTO,FEMENINO,ESTADOS UNIDOS DE AMERICA,TENNESSEE,1
2022,FEBRERO,NACIMIENTO,FEMENINO,ESTADOS UNIDOS DE AMERICA,TEXAS,3
2022,FEBRERO,NACIMIENTO,FEMENINO,ESTADOS UNIDOS DE AMERICA,VIRGINIA,7
2022,FEBRERO,NACIMIENTO,FEMENINO,ESTADOS UNIDOS DE AMERICA,WASHINGTON D. C.,4
2022,FEBRERO,NACIMIENTO,FEMENINO,FRANCIA,ANNEMASSE,1
2022,FEBRERO,NACIMIENTO,FEMENINO,FRANCIA,BURDEOS,1
2022,FEBRERO,NACIMIENTO,FEMENINO,FRANCIA,GUAYANA FRANCESA CAYENA,1
2022,FEBRERO,NACIMIENTO,FEMENINO,FRANCIA,ILE DE FRANCE,2
2022,FEBRERO,NACIMIENTO,FEMENINO,FRANCIA,LORENA,3
2022,FEBRERO,NACIMIENTO,FEMENINO,FRANCIA,NORMANDIA,1
2022,FEBRERO,NACIMIENTO,FEMENINO,FRANCIA,PAIS DEL LOIRA,1
2022,FEBRERO,NACIMIENTO,FEMENINO,FRANCIA,PARIS,19
2022,FEBRERO,NACIMIENTO,FEMENINO,GRAN BRETAÑA,GALES,1
2022,FEBRERO,NACIMIENTO,FEMENINO,GRAN BRETAÑA,LONDRES,5
2022,FEBRERO,NACIMIENTO,FEMENINO,HOLANDA,AMSTERDAM,1
2022,FEBRERO,NACIMIENTO,FEMENINO,HOLANDA,HOLANDA SEPTENTRIONAL,1
2022,FEBRERO,NACIMIENTO,FEMENINO,HOLANDA,LA HAYA,1
2022,FEBRERO,NACIMIENTO,FEMENINO,HUANCAVELICA,ACOBAMBA,15
2022,FEBRERO,NACIMIENTO,FEMENINO,HUANCAVELICA,ANGARAES,36
2022,FEBRERO,NACIMIENTO,FEMENINO,HUANCAVELICA,CASTROVIRREYNA,13
2022,FEBRERO,NACIMIENTO,FEMENINO,HUANCAVELICA,CHURCAMPA,12
2022,FEBRERO,NACIMIENTO,FEMENINO,HUANCAVELICA,HUANCAVELICA,43
2022,FEBRERO,NACIMIENTO,FEMENINO,HUANCAVELICA,HUAYTARA,39
2022,FEBRERO,NACIMIENTO,FEMENINO,HUANCAVELICA,TAYACAJA,53
2022,FEBRERO,NACIMIENTO,FEMENINO,HUANUCO,AMBO,17
2022,FEBRERO,NACIMIENTO,FEMENINO,HUANUCO,DOS DE MAYO,34
2022,FEBRERO,NACIMIENTO,FEMENINO,HUANUCO,HUACAYBAMBA,7
2022,FEBRERO,NACIMIENTO,FEMENINO,HUANUCO,HUAMALIES,33
2022,FEBRERO,NACIMIENTO,FEMENINO,HUANUCO,HUANUCO,82
2022,FEBRERO,NACIMIENTO,FEMENINO,HUANUCO,LAURICOCHA,12
2022,FEBRERO,NACIMIENTO,FEMENINO,HUANUCO,LEONCIO PRADO,98
2022,FEBRERO,NACIMIENTO,FEMENINO,HUANUCO,MARAÑON,6
2022,FEBRERO,NACIMIENTO,FEMENINO,HUANUCO,PACHITEA,33
2022,FEBRERO,NACIMIENTO,FEMENINO,HUANUCO,PUERTO INCA,12
2022,FEBRERO,NACIMIENTO,FEMENINO,HUANUCO,YAROWILCA,13
2022,FEBRERO,NACIMIENTO,FEMENINO,ICA,CHINCHA,305
2022,FEBRERO,NACIMIENTO,FEMENINO,ICA,ICA,903
2022,FEBRERO,NACIMIENTO,FEMENINO,ICA,NASCA,56
2022,FEBRERO,NACIMIENTO,FEMENINO,ICA,PALPA,7
2022,FEBRERO,NACIMIENTO,FEMENINO,ICA,PISCO,174
2022,FEBRERO,NACIMIENTO,FEMENINO,ITALIA,BERGAMO,1
2022,FEBRERO,NACIMIENTO,FEMENINO,ITALIA,BOLONIA,3
2022,FEBRERO,NACIMIENTO,FEMENINO,ITALIA,CUNEO,1
2022,FEBRERO,NACIMIENTO,FEMENINO,ITALIA,EMILIA ROMAGNA,1
2022,FEBRERO,NACIMIENTO,FEMENINO,ITALIA,FLORENCIA,9
2022,FEBRERO,NACIMIENTO,FEMENINO,ITALIA,GENOVA,3
2022,FEBRERO,NACIMIENTO,FEMENINO,ITALIA,IMPERIA,2
2022,FEBRERO,NACIMIENTO,FEMENINO,ITALIA,LACIO,6
2022,FEBRERO,NACIMIENTO,FEMENINO,ITALIA,LIVORNO,3
2022,FEBRERO,NACIMIENTO,FEMENINO,ITALIA,LOMBARDIA,8
2022,FEBRERO,NACIMIENTO,FEMENINO,ITALIA,MARCAS,1
2022,FEBRERO,NACIMIENTO,FEMENINO,ITALIA,MILAN,38
2022,FEBRERO,NACIMIENTO,FEMENINO,ITALIA,NAPOLES,2
2022,FEBRERO,NACIMIENTO,FEMENINO,ITALIA,PERUGIA,3
2022,FEBRERO,NACIMIENTO,FEMENINO,ITALIA,ROMA,11
2022,FEBRERO,NACIMIENTO,FEMENINO,ITALIA,TOSCANA,1
2022,FEBRERO,NACIMIENTO,FEMENINO,ITALIA,TRIESTE,1
2022,FEBRERO,NACIMIENTO,FEMENINO,ITALIA,TURIN,4
2022,FEBRERO,NACIMIENTO,FEMENINO,ITALIA,VENETO,1
2022,FEBRERO,NACIMIENTO,FEMENINO,JAPON,AICHI,2
2022,FEBRERO,NACIMIENTO,FEMENINO,JAPON,GUNMA,1
2022,FEBRERO,NACIMIENTO,FEMENINO,JAPON,HIROSHIMA,2
2022,FEBRERO,NACIMIENTO,FEMENINO,JAPON,HYOGO,1
2022,FEBRERO,NACIMIENTO,FEMENINO,JAPON,IBARAKI,1
2022,FEBRERO,NACIMIENTO,FEMENINO,JAPON,KANAGAWA,2
2022,FEBRERO,NACIMIENTO,FEMENINO,JAPON,KYOTO,2
2022,FEBRERO,NACIMIENTO,FEMENINO,JAPON,SHIGA,1
2022,FEBRERO,NACIMIENTO,FEMENINO,JAPON,SHIZUOKA,1
2022,FEBRERO,NACIMIENTO,FEMENINO,JAPON,TOCHIGI,6
2022,FEBRERO,NACIMIENTO,FEMENINO,JUNIN,CHANCHAMAYO,31
2022,FEBRERO,NACIMIENTO,FEMENINO,JUNIN,CHUPACA,94
2022,FEBRERO,NACIMIENTO,FEMENINO,JUNIN,CONCEPCION,40
2022,FEBRERO,NACIMIENTO,FEMENINO,JUNIN,HUANCAYO,620
2022,FEBRERO,NACIMIENTO,FEMENINO,JUNIN,JAUJA,27
2022,FEBRERO,NACIMIENTO,FEMENINO,JUNIN,JUNIN,4
2022,FEBRERO,NACIMIENTO,FEMENINO,JUNIN,SATIPO,34
2022,FEBRERO,NACIMIENTO,FEMENINO,JUNIN,TARMA,17
2022,FEBRERO,NACIMIENTO,FEMENINO,JUNIN,YAULI,6
2022,FEBRERO,NACIMIENTO,FEMENINO,LA LIBERTAD,ASCOPE,104
2022,FEBRERO,NACIMIENTO,FEMENINO,LA LIBERTAD,BOLIVAR,2
2022,FEBRERO,NACIMIENTO,FEMENINO,LA LIBERTAD,CHEPEN,61
2022,FEBRERO,NACIMIENTO,FEMENINO,LA LIBERTAD,GRAN CHIMU,7
2022,FEBRERO,NACIMIENTO,FEMENINO,LA LIBERTAD,JULCAN,13
2022,FEBRERO,NACIMIENTO,FEMENINO,LA LIBERTAD,OTUZCO,40
2022,FEBRERO,NACIMIENTO,FEMENINO,LA LIBERTAD,PACASMAYO,46
2022,FEBRERO,NACIMIENTO,FEMENINO,LA LIBERTAD,PATAZ,37
2022,FEBRERO,NACIMIENTO,FEMENINO,LA LIBERTAD,SANCHEZ CARRION,72
2022,FEBRERO,NACIMIENTO,FEMENINO,LA LIBERTAD,SANTIAGO DE CHUCO,12
2022,FEBRERO,NACIMIENTO,FEMENINO,LA LIBERTAD,TRUJILLO,1874
2022,FEBRERO,NACIMIENTO,FEMENINO,LA LIBERTAD,VIRU,89
2022,FEBRERO,NACIMIENTO,FEMENINO,LAMBAYEQUE,CHICLAYO,821
2022,FEBRERO,NACIMIENTO,FEMENINO,LAMBAYEQUE,FERREÑAFE,12
2022,FEBRERO,NACIMIENTO,FEMENINO,LAMBAYEQUE,LAMBAYEQUE,119
2022,FEBRERO,NACIMIENTO,FEMENINO,LIMA,BARRANCA,127
2022,FEBRERO,NACIMIENTO,FEMENINO,LIMA,CANTA,13
2022,FEBRERO,NACIMIENTO,FEMENINO,LIMA,CAÑETE,193
2022,FEBRERO,NACIMIENTO,FEMENINO,LIMA,HUARAL,91
2022,FEBRERO,NACIMIENTO,FEMENINO,LIMA,HUAROCHIRI,128
2022,FEBRERO,NACIMIENTO,FEMENINO,LIMA,HUAURA,128
2022,FEBRERO,NACIMIENTO,FEMENINO,LIMA,LIMA,22335
2022,FEBRERO,NACIMIENTO,FEMENINO,LIMA,OYON,14
2022,FEBRERO,NACIMIENTO,FEMENINO,LIMA,YAUYOS,18
2022,FEBRERO,NACIMIENTO,FEMENINO,LORETO,ALTO AMAZONAS,52
2022,FEBRERO,NACIMIENTO,FEMENINO,LORETO,DATEM DEL MARAÑON,9
2022,FEBRERO,NACIMIENTO,FEMENINO,LORETO,LORETO,29
2022,FEBRERO,NACIMIENTO,FEMENINO,LORETO,MARISCAL RAMON CASTILLA,13
2022,FEBRERO,NACIMIENTO,FEMENINO,LORETO,MAYNAS,814
2022,FEBRERO,NACIMIENTO,FEMENINO,LORETO,PUTUMAYO,3
2022,FEBRERO,NACIMIENTO,FEMENINO,LORETO,REQUENA,13
2022,FEBRERO,NACIMIENTO,FEMENINO,LORETO,UCAYALI,9
2022,FEBRERO,NACIMIENTO,FEMENINO,MADRE DE DIOS,MANU,10
2022,FEBRERO,NACIMIENTO,FEMENINO,MADRE DE DIOS,TAHUAMANU,9
2022,FEBRERO,NACIMIENTO,FEMENINO,MADRE DE DIOS,TAMBOPATA,193
2022,FEBRERO,NACIMIENTO,FEMENINO,MEXICO,CIUDAD DE MEXICO,2
2022,FEBRERO,NACIMIENTO,FEMENINO,MEXICO,MONTERREY,3
2022,FEBRERO,NACIMIENTO,FEMENINO,MEXICO,TABASCO,1
2022,FEBRERO,NACIMIENTO,FEMENINO,MOQUEGUA,GENERAL SANCHEZ CERRO,8
2022,FEBRERO,NACIMIENTO,FEMENINO,MOQUEGUA,ILO,18
2022,FEBRERO,NACIMIENTO,FEMENINO,MOQUEGUA,MARISCAL NIETO,17
2022,FEBRERO,NACIMIENTO,FEMENINO,NUEVA ZELANDA,AUCKLAND,3
2022,FEBRERO,NACIMIENTO,FEMENINO,NUEVA ZELANDA,CANTERBURY,1
2022,FEBRERO,NACIMIENTO,FEMENINO,PASCO,DANIEL ALCIDES CARRION,7
2022,FEBRERO,NACIMIENTO,FEMENINO,PASCO,OXAPAMPA,24
2022,FEBRERO,NACIMIENTO,FEMENINO,PASCO,PASCO,31
2022,FEBRERO,NACIMIENTO,FEMENINO,PIURA,AYABACA,27
2022,FEBRERO,NACIMIENTO,FEMENINO,PIURA,HUANCABAMBA,20
2022,FEBRERO,NACIMIENTO,FEMENINO,PIURA,MORROPON,89
2022,FEBRERO,NACIMIENTO,FEMENINO,PIURA,PAITA,223
2022,FEBRERO,NACIMIENTO,FEMENINO,PIURA,PIURA,552
2022,FEBRERO,NACIMIENTO,FEMENINO,PIURA,SECHURA,10
2022,FEBRERO,NACIMIENTO,FEMENINO,PIURA,SULLANA,410
2022,FEBRERO,NACIMIENTO,FEMENINO,PIURA,TALARA,55
2022,FEBRERO,NACIMIENTO,FEMENINO,PORTUGAL,FARO,1
2022,FEBRERO,NACIMIENTO,FEMENINO,PORTUGAL,LISBOA,1
2022,FEBRERO,NACIMIENTO,FEMENINO,PUERTO RICO,CAGUAS,1
2022,FEBRERO,NACIMIENTO,FEMENINO,PUNO,AZANGARO,17
2022,FEBRERO,NACIMIENTO,FEMENINO,PUNO,CARABAYA,7
2022,FEBRERO,NACIMIENTO,FEMENINO,PUNO,CHUCUITO,12
2022,FEBRERO,NACIMIENTO,FEMENINO,PUNO,EL COLLAO,10
2022,FEBRERO,NACIMIENTO,FEMENINO,PUNO,HUANCANE,6
2022,FEBRERO,NACIMIENTO,FEMENINO,PUNO,LAMPA,3
2022,FEBRERO,NACIMIENTO,FEMENINO,PUNO,MELGAR,11
2022,FEBRERO,NACIMIENTO,FEMENINO,PUNO,MOHO,5
2022,FEBRERO,NACIMIENTO,FEMENINO,PUNO,PUNO,43
2022,FEBRERO,NACIMIENTO,FEMENINO,PUNO,SAN ANTONIO DE PUTINA,2
2022,FEBRERO,NACIMIENTO,FEMENINO,PUNO,SAN ROMAN,94
2022,FEBRERO,NACIMIENTO,FEMENINO,PUNO,SANDIA,7
2022,FEBRERO,NACIMIENTO,FEMENINO,PUNO,YUNGUYO,6
2022,FEBRERO,NACIMIENTO,FEMENINO,REINO UNIDO DE GRAN BRETAÑA E IRLANDA DEL NORTE,INGLATERRA,3
2022,FEBRERO,NACIMIENTO,FEMENINO,REPUBLICA DE COREA,SEUL,1
2022,FEBRERO,NACIMIENTO,FEMENINO,REPUBLICA DOMINICANA,SAN PEDRO DE MACORIS,1
2022,FEBRERO,NACIMIENTO,FEMENINO,RUSIA,MOSCU,1
2022,FEBRERO,NACIMIENTO,FEMENINO,SAN MARTIN,BELLAVISTA,14
2022,FEBRERO,NACIMIENTO,FEMENINO,SAN MARTIN,EL DORADO,11
2022,FEBRERO,NACIMIENTO,FEMENINO,SAN MARTIN,HUALLAGA,7
2022,FEBRERO,NACIMIENTO,FEMENINO,SAN MARTIN,LAMAS,30
2022,FEBRERO,NACIMIENTO,FEMENINO,SAN MARTIN,MARISCAL CACERES,28
2022,FEBRERO,NACIMIENTO,FEMENINO,SAN MARTIN,MOYOBAMBA,62
2022,FEBRERO,NACIMIENTO,FEMENINO,SAN MARTIN,PICOTA,23
2022,FEBRERO,NACIMIENTO,FEMENINO,SAN MARTIN,RIOJA,68
2022,FEBRERO,NACIMIENTO,FEMENINO,SAN MARTIN,SAN MARTIN,117
2022,FEBRERO,NACIMIENTO,FEMENINO,SAN MARTIN,TOCACHE,19
2022,FEBRERO,NACIMIENTO,FEMENINO,SUECIA,ESTOCOLMO,3
2022,FEBRERO,NACIMIENTO,FEMENINO,SUIZA,BERNA,2
2022,FEBRERO,NACIMIENTO,FEMENINO,SUIZA,LAUSSANE,1
2022,FEBRERO,NACIMIENTO,FEMENINO,SUIZA,ZURICH,2
2022,FEBRERO,NACIMIENTO,FEMENINO,TACNA,CANDARAVE,4
2022,FEBRERO,NACIMIENTO,FEMENINO,TACNA,JORGE BASADRE,3
2022,FEBRERO,NACIMIENTO,FEMENINO,TACNA,TACNA,347
2022,FEBRERO,NACIMIENTO,FEMENINO,TACNA,TARATA,5
2022,FEBRERO,NACIMIENTO,FEMENINO,TUMBES,CONTRALMIRANTE VILLAR,30
2022,FEBRERO,NACIMIENTO,FEMENINO,TUMBES,TUMBES,280
2022,FEBRERO,NACIMIENTO,FEMENINO,TUMBES,ZARUMILLA,57
2022,FEBRERO,NACIMIENTO,FEMENINO,UCAYALI,ATALAYA,11
2022,FEBRERO,NACIMIENTO,FEMENINO,UCAYALI,CORONEL PORTILLO,337
2022,FEBRERO,NACIMIENTO,FEMENINO,UCAYALI,PADRE ABAD,12
2022,FEBRERO,NACIMIENTO,FEMENINO,URUGUAY,MONTEVIDEO,5
2022,FEBRERO,NACIMIENTO,FEMENINO,VENEZUELA,CARACAS,2
2022,FEBRERO,NACIMIENTO,FEMENINO,VENEZUELA,MERIDA,2
2022,FEBRERO,NACIMIENTO,FEMENINO,VENEZUELA,MIRANDA,4
2022,FEBRERO,NACIMIENTO,MASCULINO,ALEMANIA,HESSEN,4
2022,FEBRERO,NACIMIENTO,MASCULINO,ALEMANIA,MUNICH,3
2022,FEBRERO,NACIMIENTO,MASCULINO,ALEMANIA,SAJONIA,1
2022,FEBRERO,NACIMIENTO,MASCULINO,ALEMANIA,TURINGIA,1
2022,FEBRERO,NACIMIENTO,MASCULINO,AMAZONAS,BAGUA,14
2022,FEBRERO,NACIMIENTO,MASCULINO,AMAZONAS,BONGARA,4
2022,FEBRERO,NACIMIENTO,MASCULINO,AMAZONAS,CHACHAPOYAS,8
2022,FEBRERO,NACIMIENTO,MASCULINO,AMAZONAS,CONDORCANQUI,7
2022,FEBRERO,NACIMIENTO,MASCULINO,AMAZONAS,LUYA,3
2022,FEBRERO,NACIMIENTO,MASCULINO,AMAZONAS,RODRIGUEZ DE MENDOZA,8
2022,FEBRERO,NACIMIENTO,MASCULINO,AMAZONAS,UTCUBAMBA,32
2022,FEBRERO,NACIMIENTO,MASCULINO,ANCASH,BOLOGNESI,5
2022,FEBRERO,NACIMIENTO,MASCULINO,ANCASH,CARHUAZ,7
2022,FEBRERO,NACIMIENTO,MASCULINO,ANCASH,CASMA,8
2022,FEBRERO,NACIMIENTO,MASCULINO,ANCASH,CORONGO,1
2022,FEBRERO,NACIMIENTO,MASCULINO,ANCASH,HUARAZ,28
2022,FEBRERO,NACIMIENTO,MASCULINO,ANCASH,HUARI,20
2022,FEBRERO,NACIMIENTO,MASCULINO,ANCASH,HUARMEY,4
2022,FEBRERO,NACIMIENTO,MASCULINO,ANCASH,HUAYLAS,20
2022,FEBRERO,NACIMIENTO,MASCULINO,ANCASH,MARISCAL LUZURIAGA,3
2022,FEBRERO,NACIMIENTO,MASCULINO,ANCASH,OCROS,4
2022,FEBRERO,NACIMIENTO,MASCULINO,ANCASH,PALLASCA,6
2022,FEBRERO,NACIMIENTO,MASCULINO,ANCASH,POMABAMBA,3
2022,FEBRERO,NACIMIENTO,MASCULINO,ANCASH,RECUAY,3
2022,FEBRERO,NACIMIENTO,MASCULINO,ANCASH,SANTA,273
2022,FEBRERO,NACIMIENTO,MASCULINO,ANCASH,SIHUAS,1
2022,FEBRERO,NACIMIENTO,MASCULINO,ANCASH,YUNGAY,8
2022,FEBRERO,NACIMIENTO,MASCULINO,APURIMAC,ABANCAY,10
2022,FEBRERO,NACIMIENTO,MASCULINO,APURIMAC,ANDAHUAYLAS,17
2022,FEBRERO,NACIMIENTO,MASCULINO,APURIMAC,AYMARAES,5
2022,FEBRERO,NACIMIENTO,MASCULINO,APURIMAC,CHINCHEROS,9
2022,FEBRERO,NACIMIENTO,MASCULINO,APURIMAC,COTABAMBAS,4
2022,FEBRERO,NACIMIENTO,MASCULINO,AREQUIPA,AREQUIPA,504
2022,FEBRERO,NACIMIENTO,MASCULINO,AREQUIPA,CAMANA,16
2022,FEBRERO,NACIMIENTO,MASCULINO,AREQUIPA,CARAVELI,8
2022,FEBRERO,NACIMIENTO,MASCULINO,AREQUIPA,CASTILLA,5
2022,FEBRERO,NACIMIENTO,MASCULINO,AREQUIPA,CAYLLOMA,34
2022,FEBRERO,NACIMIENTO,MASCULINO,AREQUIPA,CONDESUYOS,3
2022,FEBRERO,NACIMIENTO,MASCULINO,AREQUIPA,ISLAY,14
2022,FEBRERO,NACIMIENTO,MASCULINO,AREQUIPA,LA UNION,4
2022,FEBRERO,NACIMIENTO,MASCULINO,ARGENTINA,BUENOS AIRES,28
2022,FEBRERO,NACIMIENTO,MASCULINO,ARGENTINA,CORDOBA,3
2022,FEBRERO,NACIMIENTO,MASCULINO,ARGENTINA,ROSARIO DE SANTA FE,1
2022,FEBRERO,NACIMIENTO,MASCULINO,AUSTRALIA,SIDNEY,3
2022,FEBRERO,NACIMIENTO,MASCULINO,AYACUCHO,CANGALLO,19
2022,FEBRERO,NACIMIENTO,MASCULINO,AYACUCHO,HUAMANGA,40
2022,FEBRERO,NACIMIENTO,MASCULINO,AYACUCHO,HUANCA SANCOS,2
2022,FEBRERO,NACIMIENTO,MASCULINO,AYACUCHO,HUANTA,11
2022,FEBRERO,NACIMIENTO,MASCULINO,AYACUCHO,LA MAR,1
2022,FEBRERO,NACIMIENTO,MASCULINO,AYACUCHO,LUCANAS,7
2022,FEBRERO,NACIMIENTO,MASCULINO,AYACUCHO,PARINACOCHAS,4
2022,FEBRERO,NACIMIENTO,MASCULINO,AYACUCHO,PAUCAR DEL SARA SARA,2
2022,FEBRERO,NACIMIENTO,MASCULINO,AYACUCHO,VICTOR FAJARDO,1
2022,FEBRERO,NACIMIENTO,MASCULINO,AYACUCHO,VILCAS HUAMAN,3
2022,FEBRERO,NACIMIENTO,MASCULINO,BANGLADESH,DHAKA,1
2022,FEBRERO,NACIMIENTO,MASCULINO,BOLIVIA,BENI,1
2022,FEBRERO,NACIMIENTO,MASCULINO,BOLIVIA,COCHABAMBA,2
2022,FEBRERO,NACIMIENTO,MASCULINO,BOLIVIA,SANTA CRUZ,2
2022,FEBRERO,NACIMIENTO,MASCULINO,BRASIL,PARANA,1
2022,FEBRERO,NACIMIENTO,MASCULINO,BRASIL,RIO DE JANEIRO,1
2022,FEBRERO,NACIMIENTO,MASCULINO,BRASIL,RIO GRANDE DEL NORTE,1
2022,FEBRERO,NACIMIENTO,MASCULINO,BRASIL,SAO PAULO,2
2022,FEBRERO,NACIMIENTO,MASCULINO,CAJAMARCA,CAJABAMBA,12
2022,FEBRERO,NACIMIENTO,MASCULINO,CAJAMARCA,CAJAMARCA,417
2022,FEBRERO,NACIMIENTO,MASCULINO,CAJAMARCA,CELENDIN,22
2022,FEBRERO,NACIMIENTO,MASCULINO,CAJAMARCA,CHOTA,12
2022,FEBRERO,NACIMIENTO,MASCULINO,CAJAMARCA,CONTUMAZA,2
2022,FEBRERO,NACIMIENTO,MASCULINO,CAJAMARCA,CUTERVO,14
2022,FEBRERO,NACIMIENTO,MASCULINO,CAJAMARCA,HUALGAYOC,9
2022,FEBRERO,NACIMIENTO,MASCULINO,CAJAMARCA,JAEN,39
2022,FEBRERO,NACIMIENTO,MASCULINO,CAJAMARCA,SAN IGNACIO,15
2022,FEBRERO,NACIMIENTO,MASCULINO,CAJAMARCA,SAN MARCOS,6
2022,FEBRERO,NACIMIENTO,MASCULINO,CAJAMARCA,SAN MIGUEL,10
2022,FEBRERO,NACIMIENTO,MASCULINO,CAJAMARCA,SAN PABLO,7
2022,FEBRERO,NACIMIENTO,MASCULINO,CAJAMARCA,SANTA CRUZ,8
2022,FEBRERO,NACIMIENTO,MASCULINO,CALLAO,CALLAO,1153
2022,FEBRERO,NACIMIENTO,MASCULINO,CANADA,ALBERTA,1
2022,FEBRERO,NACIMIENTO,MASCULINO,CANADA,MONTREAL,5
2022,FEBRERO,NACIMIENTO,MASCULINO,CANADA,NUEVA ESCOCIA,1
2022,FEBRERO,NACIMIENTO,MASCULINO,CANADA,ONTARIO,4
2022,FEBRERO,NACIMIENTO,MASCULINO,CANADA,OTTAWA,1
2022,FEBRERO,NACIMIENTO,MASCULINO,CHILE,ANTOFAGASTA,1
2022,FEBRERO,NACIMIENTO,MASCULINO,CHILE,COQUIMBO,1
2022,FEBRERO,NACIMIENTO,MASCULINO,CHILE,SANTIAGO,40
2022,FEBRERO,NACIMIENTO,MASCULINO,COLOMBIA,BOGOTA,3
2022,FEBRERO,NACIMIENTO,MASCULINO,COLOMBIA,CALI,1
2022,FEBRERO,NACIMIENTO,MASCULINO,CUSCO,ACOMAYO,6
2022,FEBRERO,NACIMIENTO,MASCULINO,CUSCO,ANTA,20
2022,FEBRERO,NACIMIENTO,MASCULINO,CUSCO,CALCA,10
2022,FEBRERO,NACIMIENTO,MASCULINO,CUSCO,CANAS,6
2022,FEBRERO,NACIMIENTO,MASCULINO,CUSCO,CANCHIS,27
2022,FEBRERO,NACIMIENTO,MASCULINO,CUSCO,CHUMBIVILCAS,11
2022,FEBRERO,NACIMIENTO,MASCULINO,CUSCO,CUSCO,351
2022,FEBRERO,NACIMIENTO,MASCULINO,CUSCO,ESPINAR,4
2022,FEBRERO,NACIMIENTO,MASCULINO,CUSCO,LA CONVENCION,19
2022,FEBRERO,NACIMIENTO,MASCULINO,CUSCO,PARURO,8
2022,FEBRERO,NACIMIENTO,MASCULINO,CUSCO,PAUCARTAMBO,3
2022,FEBRERO,NACIMIENTO,MASCULINO,CUSCO,QUISPICANCHI,13
2022,FEBRERO,NACIMIENTO,MASCULINO,CUSCO,URUBAMBA,16
2022,FEBRERO,NACIMIENTO,MASCULINO,ECUADOR,GUAYAQUIL,2
2022,FEBRERO,NACIMIENTO,MASCULINO,ESPAÑA,ALMERIA,1
2022,FEBRERO,NACIMIENTO,MASCULINO,ESPAÑA,ASTURIAS,2
2022,FEBRERO,NACIMIENTO,MASCULINO,ESPAÑA,AVILA,1
2022,FEBRERO,NACIMIENTO,MASCULINO,ESPAÑA,BALEARES,1
2022,FEBRERO,NACIMIENTO,MASCULINO,ESPAÑA,BARCELONA,29
2022,FEBRERO,NACIMIENTO,MASCULINO,ESPAÑA,BILBAO,1
2022,FEBRERO,NACIMIENTO,MASCULINO,ESPAÑA,CANTABRIA,3
2022,FEBRERO,NACIMIENTO,MASCULINO,ESPAÑA,CORDOBA,1
2022,FEBRERO,NACIMIENTO,MASCULINO,ESPAÑA,CUENCA,1
2022,FEBRERO,NACIMIENTO,MASCULINO,ESPAÑA,GUADALAJARA,1
2022,FEBRERO,NACIMIENTO,MASCULINO,ESPAÑA,GUIPUZCOA,1
2022,FEBRERO,NACIMIENTO,MASCULINO,ESPAÑA,LERIDA,1
2022,FEBRERO,NACIMIENTO,MASCULINO,ESPAÑA,MADRID,30
2022,FEBRERO,NACIMIENTO,MASCULINO,ESPAÑA,MALLORCA,3
2022,FEBRERO,NACIMIENTO,MASCULINO,ESPAÑA,NAVARRA,1
2022,FEBRERO,NACIMIENTO,MASCULINO,ESPAÑA,SALAMANCA,4
2022,FEBRERO,NACIMIENTO,MASCULINO,ESPAÑA,SEVILLA,3
2022,FEBRERO,NACIMIENTO,MASCULINO,ESPAÑA,TARRAGONA,1
2022,FEBRERO,NACIMIENTO,MASCULINO,ESPAÑA,VALENCIA,1
2022,FEBRERO,NACIMIENTO,MASCULINO,ESPAÑA,ZARAGOZA,1
2022,FEBRERO,NACIMIENTO,MASCULINO,ESTADOS UNIDOS DE AMERICA,BOSTON,1
2022,FEBRERO,NACIMIENTO,MASCULINO,ESTADOS UNIDOS DE AMERICA,CAROLINA DEL NORTE,2
2022,FEBRERO,NACIMIENTO,MASCULINO,ESTADOS UNIDOS DE AMERICA,COLORADO,1
2022,FEBRERO,NACIMIENTO,MASCULINO,ESTADOS UNIDOS DE AMERICA,CONNECTICUT,10
2022,FEBRERO,NACIMIENTO,MASCULINO,ESTADOS UNIDOS DE AMERICA,DALLAS,3
2022,FEBRERO,NACIMIENTO,MASCULINO,ESTADOS UNIDOS DE AMERICA,DELAWARE,2
2022,FEBRERO,NACIMIENTO,MASCULINO,ESTADOS UNIDOS DE AMERICA,FLORIDA,2
2022,FEBRERO,NACIMIENTO,MASCULINO,ESTADOS UNIDOS DE AMERICA,FORT LAUDERDALE,1
2022,FEBRERO,NACIMIENTO,MASCULINO,ESTADOS UNIDOS DE AMERICA,GEORGIA,6
2022,FEBRERO,NACIMIENTO,MASCULINO,ESTADOS UNIDOS DE AMERICA,HOUSTON,1
2022,FEBRERO,NACIMIENTO,MASCULINO,ESTADOS UNIDOS DE AMERICA,LAS VEGAS,1
2022,FEBRERO,NACIMIENTO,MASCULINO,ESTADOS UNIDOS DE AMERICA,LOS ANGELES,12
2022,FEBRERO,NACIMIENTO,MASCULINO,ESTADOS UNIDOS DE AMERICA,MARYLAND,1
2022,FEBRERO,NACIMIENTO,MASCULINO,ESTADOS UNIDOS DE AMERICA,MIAMI,22
2022,FEBRERO,NACIMIENTO,MASCULINO,ESTADOS UNIDOS DE AMERICA,NUEVA JERSEY,32
2022,FEBRERO,NACIMIENTO,MASCULINO,ESTADOS UNIDOS DE AMERICA,NUEVA YORK,22
2022,FEBRERO,NACIMIENTO,MASCULINO,ESTADOS UNIDOS DE AMERICA,NUEVO MEXICO,1
2022,FEBRERO,NACIMIENTO,MASCULINO,ESTADOS UNIDOS DE AMERICA,OREGON,2
2022,FEBRERO,NACIMIENTO,MASCULINO,ESTADOS UNIDOS DE AMERICA,ORLANDO,1
2022,FEBRERO,NACIMIENTO,MASCULINO,ESTADOS UNIDOS DE AMERICA,PATERSON,6
2022,FEBRERO,NACIMIENTO,MASCULINO,ESTADOS UNIDOS DE AMERICA,PENNSYLVANIA,1
2022,FEBRERO,NACIMIENTO,MASCULINO,ESTADOS UNIDOS DE AMERICA,SAN FRANCISCO,1
2022,FEBRERO,NACIMIENTO,MASCULINO,ESTADOS UNIDOS DE AMERICA,TAMPA,4
2022,FEBRERO,NACIMIENTO,MASCULINO,ESTADOS UNIDOS DE AMERICA,UTAH,2
2022,FEBRERO,NACIMIENTO,MASCULINO,ESTADOS UNIDOS DE AMERICA,VIRGINIA,8
2022,FEBRERO,NACIMIENTO,MASCULINO,ESTADOS UNIDOS DE AMERICA,WASHINGTON,1
2022,FEBRERO,NACIMIENTO,MASCULINO,ESTADOS UNIDOS DE AMERICA,WASHINGTON D. C.,1
2022,FEBRERO,NACIMIENTO,MASCULINO,ESTADOS UNIDOS DE AMERICA,WISCONSIN,1
2022,FEBRERO,NACIMIENTO,MASCULINO,FRANCIA,MARSELLA,1
2022,FEBRERO,NACIMIENTO,MASCULINO,FRANCIA,PARIS,1
2022,FEBRERO,NACIMIENTO,MASCULINO,GRAN BRETAÑA,LONDRES,3
2022,FEBRERO,NACIMIENTO,MASCULINO,GUATEMALA,GUATEMALA,2
2022,FEBRERO,NACIMIENTO,MASCULINO,HUANCAVELICA,ACOBAMBA,9
2022,FEBRERO,NACIMIENTO,MASCULINO,HUANCAVELICA,ANGARAES,20
2022,FEBRERO,NACIMIENTO,MASCULINO,HUANCAVELICA,CASTROVIRREYNA,6
2022,FEBRERO,NACIMIENTO,MASCULINO,HUANCAVELICA,CHURCAMPA,6
2022,FEBRERO,NACIMIENTO,MASCULINO,HUANCAVELICA,HUANCAVELICA,48
2022,FEBRERO,NACIMIENTO,MASCULINO,HUANCAVELICA,HUAYTARA,2
2022,FEBRERO,NACIMIENTO,MASCULINO,HUANCAVELICA,TAYACAJA,30
2022,FEBRERO,NACIMIENTO,MASCULINO,HUANUCO,AMBO,4
2022,FEBRERO,NACIMIENTO,MASCULINO,HUANUCO,DOS DE MAYO,9
2022,FEBRERO,NACIMIENTO,MASCULINO,HUANUCO,HUACAYBAMBA,3
2022,FEBRERO,NACIMIENTO,MASCULINO,HUANUCO,HUAMALIES,15
2022,FEBRERO,NACIMIENTO,MASCULINO,HUANUCO,HUANUCO,62
2022,FEBRERO,NACIMIENTO,MASCULINO,HUANUCO,LAURICOCHA,8
2022,FEBRERO,NACIMIENTO,MASCULINO,HUANUCO,LEONCIO PRADO,38
2022,FEBRERO,NACIMIENTO,MASCULINO,HUANUCO,MARAÑON,3
2022,FEBRERO,NACIMIENTO,MASCULINO,HUANUCO,PACHITEA,11
2022,FEBRERO,NACIMIENTO,MASCULINO,HUANUCO,PUERTO INCA,1
2022,FEBRERO,NACIMIENTO,MASCULINO,HUANUCO,YAROWILCA,13
2022,FEBRERO,NACIMIENTO,MASCULINO,ICA,CHINCHA,132
2022,FEBRERO,NACIMIENTO,MASCULINO,ICA,ICA,331
2022,FEBRERO,NACIMIENTO,MASCULINO,ICA,NASCA,17
2022,FEBRERO,NACIMIENTO,MASCULINO,ICA,PALPA,3
2022,FEBRERO,NACIMIENTO,MASCULINO,ICA,PISCO,43
2022,FEBRERO,NACIMIENTO,MASCULINO,ISRAEL,TEL AVIV,1
2022,FEBRERO,NACIMIENTO,MASCULINO,ITALIA,FLORENCIA,4
2022,FEBRERO,NACIMIENTO,MASCULINO,ITALIA,GENOVA,3
2022,FEBRERO,NACIMIENTO,MASCULINO,ITALIA,LACIO,3
2022,FEBRERO,NACIMIENTO,MASCULINO,ITALIA,LOMBARDIA,4
2022,FEBRERO,NACIMIENTO,MASCULINO,ITALIA,MARCAS,1
2022,FEBRERO,NACIMIENTO,MASCULINO,ITALIA,MILAN,16
2022,FEBRERO,NACIMIENTO,MASCULINO,ITALIA,ROMA,7
2022,FEBRERO,NACIMIENTO,MASCULINO,ITALIA,SICILIA,1
2022,FEBRERO,NACIMIENTO,MASCULINO,ITALIA,TRIESTE,1
2022,FEBRERO,NACIMIENTO,MASCULINO,ITALIA,TURIN,10
2022,FEBRERO,NACIMIENTO,MASCULINO,JAPON,AICHI,1
2022,FEBRERO,NACIMIENTO,MASCULINO,JAPON,CHIBA,2
2022,FEBRERO,NACIMIENTO,MASCULINO,JAPON,GUNMA,1
2022,FEBRERO,NACIMIENTO,MASCULINO,JAPON,KANAGAWA,2
2022,FEBRERO,NACIMIENTO,MASCULINO,JAPON,SHIGA,2
2022,FEBRERO,NACIMIENTO,MASCULINO,JAPON,SHIZUOKA,1
2022,FEBRERO,NACIMIENTO,MASCULINO,JUNIN,CHANCHAMAYO,14
2022,FEBRERO,NACIMIENTO,MASCULINO,JUNIN,CHUPACA,24
2022,FEBRERO,NACIMIENTO,MASCULINO,JUNIN,CONCEPCION,17
2022,FEBRERO,NACIMIENTO,MASCULINO,JUNIN,HUANCAYO,316
2022,FEBRERO,NACIMIENTO,MASCULINO,JUNIN,JAUJA,15
2022,FEBRERO,NACIMIENTO,MASCULINO,JUNIN,SATIPO,9
2022,FEBRERO,NACIMIENTO,MASCULINO,JUNIN,TARMA,6
2022,FEBRERO,NACIMIENTO,MASCULINO,JUNIN,YAULI,8
2022,FEBRERO,NACIMIENTO,MASCULINO,LA LIBERTAD,ASCOPE,42
2022,FEBRERO,NACIMIENTO,MASCULINO,LA LIBERTAD,BOLIVAR,2
2022,FEBRERO,NACIMIENTO,MASCULINO,LA LIBERTAD,CHEPEN,17
2022,FEBRERO,NACIMIENTO,MASCULINO,LA LIBERTAD,GRAN CHIMU,3
2022,FEBRERO,NACIMIENTO,MASCULINO,LA LIBERTAD,JULCAN,2
2022,FEBRERO,NACIMIENTO,MASCULINO,LA LIBERTAD,OTUZCO,31
2022,FEBRERO,NACIMIENTO,MASCULINO,LA LIBERTAD,PACASMAYO,35
2022,FEBRERO,NACIMIENTO,MASCULINO,LA LIBERTAD,PATAZ,14
2022,FEBRERO,NACIMIENTO,MASCULINO,LA LIBERTAD,SANCHEZ CARRION,30
2022,FEBRERO,NACIMIENTO,MASCULINO,LA LIBERTAD,SANTIAGO DE CHUCO,9
2022,FEBRERO,NACIMIENTO,MASCULINO,LA LIBERTAD,TRUJILLO,982
2022,FEBRERO,NACIMIENTO,MASCULINO,LA LIBERTAD,VIRU,35
2022,FEBRERO,NACIMIENTO,MASCULINO,LAMBAYEQUE,CHICLAYO,460
2022,FEBRERO,NACIMIENTO,MASCULINO,LAMBAYEQUE,FERREÑAFE,14
2022,FEBRERO,NACIMIENTO,MASCULINO,LAMBAYEQUE,LAMBAYEQUE,64
2022,FEBRERO,NACIMIENTO,MASCULINO,LIMA,BARRANCA,47
2022,FEBRERO,NACIMIENTO,MASCULINO,LIMA,CANTA,12
2022,FEBRERO,NACIMIENTO,MASCULINO,LIMA,CAÑETE,101
2022,FEBRERO,NACIMIENTO,MASCULINO,LIMA,HUARAL,55
2022,FEBRERO,NACIMIENTO,MASCULINO,LIMA,HUAROCHIRI,73
2022,FEBRERO,NACIMIENTO,MASCULINO,LIMA,HUAURA,79
2022,FEBRERO,NACIMIENTO,MASCULINO,LIMA,LIMA,15147
2022,FEBRERO,NACIMIENTO,MASCULINO,LIMA,OYON,4
2022,FEBRERO,NACIMIENTO,MASCULINO,LIMA,YAUYOS,9
2022,FEBRERO,NACIMIENTO,MASCULINO,LORETO,ALTO AMAZONAS,39
2022,FEBRERO,NACIMIENTO,MASCULINO,LORETO,DATEM DEL MARAÑON,3
2022,FEBRERO,NACIMIENTO,MASCULINO,LORETO,LORETO,15
2022,FEBRERO,NACIMIENTO,MASCULINO,LORETO,MARISCAL RAMON CASTILLA,2
2022,FEBRERO,NACIMIENTO,MASCULINO,LORETO,MAYNAS,442
2022,FEBRERO,NACIMIENTO,MASCULINO,LORETO,PUTUMAYO,1
2022,FEBRERO,NACIMIENTO,MASCULINO,LORETO,REQUENA,8
2022,FEBRERO,NACIMIENTO,MASCULINO,LORETO,UCAYALI,6
2022,FEBRERO,NACIMIENTO,MASCULINO,MADRE DE DIOS,MANU,7
2022,FEBRERO,NACIMIENTO,MASCULINO,MADRE DE DIOS,TAHUAMANU,5
2022,FEBRERO,NACIMIENTO,MASCULINO,MADRE DE DIOS,TAMBOPATA,88
2022,FEBRERO,NACIMIENTO,MASCULINO,MEXICO,CIUDAD DE MEXICO,4
2022,FEBRERO,NACIMIENTO,MASCULINO,MEXICO,JALISCO,1
2022,FEBRERO,NACIMIENTO,MASCULINO,MOQUEGUA,GENERAL SANCHEZ CERRO,4
2022,FEBRERO,NACIMIENTO,MASCULINO,MOQUEGUA,ILO,7
2022,FEBRERO,NACIMIENTO,MASCULINO,MOQUEGUA,MARISCAL NIETO,19
2022,FEBRERO,NACIMIENTO,MASCULINO,PARAGUAY,CENTRAL,1
2022,FEBRERO,NACIMIENTO,MASCULINO,PASCO,DANIEL ALCIDES CARRION,8
2022,FEBRERO,NACIMIENTO,MASCULINO,PASCO,OXAPAMPA,11
2022,FEBRERO,NACIMIENTO,MASCULINO,PASCO,PASCO,30
2022,FEBRERO,NACIMIENTO,MASCULINO,PIURA,AYABACA,15
2022,FEBRERO,NACIMIENTO,MASCULINO,PIURA,HUANCABAMBA,10
2022,FEBRERO,NACIMIENTO,MASCULINO,PIURA,MORROPON,36
2022,FEBRERO,NACIMIENTO,MASCULINO,PIURA,PAITA,71
2022,FEBRERO,NACIMIENTO,MASCULINO,PIURA,PIURA,302
2022,FEBRERO,NACIMIENTO,MASCULINO,PIURA,SECHURA,10
2022,FEBRERO,NACIMIENTO,MASCULINO,PIURA,SULLANA,139
2022,FEBRERO,NACIMIENTO,MASCULINO,PIURA,TALARA,24
2022,FEBRERO,NACIMIENTO,MASCULINO,POLONIA,VARSOVIA,1
2022,FEBRERO,NACIMIENTO,MASCULINO,PUNO,AZANGARO,13
2022,FEBRERO,NACIMIENTO,MASCULINO,PUNO,CARABAYA,3
2022,FEBRERO,NACIMIENTO,MASCULINO,PUNO,CHUCUITO,6
2022,FEBRERO,NACIMIENTO,MASCULINO,PUNO,EL COLLAO,5
2022,FEBRERO,NACIMIENTO,MASCULINO,PUNO,HUANCANE,6
2022,FEBRERO,NACIMIENTO,MASCULINO,PUNO,LAMPA,5
2022,FEBRERO,NACIMIENTO,MASCULINO,PUNO,MELGAR,5
2022,FEBRERO,NACIMIENTO,MASCULINO,PUNO,MOHO,4
2022,FEBRERO,NACIMIENTO,MASCULINO,PUNO,PUNO,27
2022,FEBRERO,NACIMIENTO,MASCULINO,PUNO,SAN ANTONIO DE PUTINA,2
2022,FEBRERO,NACIMIENTO,MASCULINO,PUNO,SAN ROMAN,80
2022,FEBRERO,NACIMIENTO,MASCULINO,PUNO,SANDIA,5
2022,FEBRERO,NACIMIENTO,MASCULINO,PUNO,YUNGUYO,1
2022,FEBRERO,NACIMIENTO,MASCULINO,REINO UNIDO DE GRAN BRETAÑA E IRLANDA DEL NORTE,INGLATERRA,1
2022,FEBRERO,NACIMIENTO,MASCULINO,REPUBLICA DE ANGOLA,HUÍLA,2
2022,FEBRERO,NACIMIENTO,MASCULINO,REPUBLICA DOMINICANA,PERAVIA,1
2022,FEBRERO,NACIMIENTO,MASCULINO,REPUBLICA POPULAR CHINA,HUBEI,1
2022,FEBRERO,NACIMIENTO,MASCULINO,SAN MARTIN,BELLAVISTA,5
2022,FEBRERO,NACIMIENTO,MASCULINO,SAN MARTIN,HUALLAGA,2
2022,FEBRERO,NACIMIENTO,MASCULINO,SAN MARTIN,LAMAS,23
2022,FEBRERO,NACIMIENTO,MASCULINO,SAN MARTIN,MARISCAL CACERES,13
2022,FEBRERO,NACIMIENTO,MASCULINO,SAN MARTIN,MOYOBAMBA,30
2022,FEBRERO,NACIMIENTO,MASCULINO,SAN MARTIN,PICOTA,3
2022,FEBRERO,NACIMIENTO,MASCULINO,SAN MARTIN,RIOJA,24
2022,FEBRERO,NACIMIENTO,MASCULINO,SAN MARTIN,SAN MARTIN,71
2022,FEBRERO,NACIMIENTO,MASCULINO,SAN MARTIN,TOCACHE,8
2022,FEBRERO,NACIMIENTO,MASCULINO,SINGAPUR,SINGAPUR,1
2022,FEBRERO,NACIMIENTO,MASCULINO,SUECIA,ESTOCOLMO,1
2022,FEBRERO,NACIMIENTO,MASCULINO,SUIZA,GINEBRA,2
2022,FEBRERO,NACIMIENTO,MASCULINO,TACNA,CANDARAVE,3
2022,FEBRERO,NACIMIENTO,MASCULINO,TACNA,JORGE BASADRE,3
2022,FEBRERO,NACIMIENTO,MASCULINO,TACNA,TACNA,137
2022,FEBRERO,NACIMIENTO,MASCULINO,TACNA,TARATA,4
2022,FEBRERO,NACIMIENTO,MASCULINO,TUMBES,CONTRALMIRANTE VILLAR,8
2022,FEBRERO,NACIMIENTO,MASCULINO,TUMBES,TUMBES,131
2022,FEBRERO,NACIMIENTO,MASCULINO,TUMBES,ZARUMILLA,31
2022,FEBRERO,NACIMIENTO,MASCULINO,UCAYALI,ATALAYA,5
2022,FEBRERO,NACIMIENTO,MASCULINO,UCAYALI,CORONEL PORTILLO,146
2022,FEBRERO,NACIMIENTO,MASCULINO,UCAYALI,PADRE ABAD,7
2022,FEBRERO,NACIMIENTO,MASCULINO,VENEZUELA,MIRANDA,2
